-- phpMyAdmin SQL Dump
-- version 5.0.2
-- https://www.phpmyadmin.net/
--
-- Host: 127.0.0.1:3306
-- Generation Time: Nov 11, 2021 at 07:35 PM
-- Server version: 5.7.31
-- PHP Version: 7.3.21

SET SQL_MODE = "NO_AUTO_VALUE_ON_ZERO";
START TRANSACTION;
SET time_zone = "+00:00";


/*!40101 SET @OLD_CHARACTER_SET_CLIENT=@@CHARACTER_SET_CLIENT */;
/*!40101 SET @OLD_CHARACTER_SET_RESULTS=@@CHARACTER_SET_RESULTS */;
/*!40101 SET @OLD_COLLATION_CONNECTION=@@COLLATION_CONNECTION */;
/*!40101 SET NAMES utf8mb4 */;

--
-- Database: `job-search`
--

-- --------------------------------------------------------

--
-- Table structure for table `jss_age_range`
--

DROP TABLE IF EXISTS `jss_age_range`;
CREATE TABLE IF NOT EXISTS `jss_age_range` (
  `id` int(255) NOT NULL AUTO_INCREMENT,
  `title` varchar(50) COLLATE utf8_persian_ci NOT NULL,
  PRIMARY KEY (`id`)
) ENGINE=InnoDB AUTO_INCREMENT=6 DEFAULT CHARSET=utf8 COLLATE=utf8_persian_ci;

--
-- Dumping data for table `jss_age_range`
--

INSERT INTO `jss_age_range` (`id`, `title`) VALUES
(1, 'مهم نیست'),
(2, 'بالای 18 سال'),
(3, '20 تا 35 سال'),
(4, '25 تا 40 سال'),
(5, '35 تا 50 سال');

-- --------------------------------------------------------

--
-- Table structure for table `jss_applied`
--

DROP TABLE IF EXISTS `jss_applied`;
CREATE TABLE IF NOT EXISTS `jss_applied` (
  `id` int(11) NOT NULL AUTO_INCREMENT,
  `fk_job_id` int(11) NOT NULL,
  `fk_employee_id` int(11) NOT NULL,
  `status` enum('درانتظار بررسی','تایید شده','رد شده') COLLATE utf8_persian_ci NOT NULL DEFAULT 'درانتظار بررسی',
  `date` timestamp NOT NULL DEFAULT CURRENT_TIMESTAMP,
  `send_similars` tinyint(1) NOT NULL DEFAULT '0',
  PRIMARY KEY (`id`),
  KEY `jss_applied_ibfk_1` (`fk_employee_id`),
  KEY `jss_applied_ibfk_2` (`fk_job_id`)
) ENGINE=InnoDB AUTO_INCREMENT=35 DEFAULT CHARSET=utf8 COLLATE=utf8_persian_ci;

--
-- Dumping data for table `jss_applied`
--

INSERT INTO `jss_applied` (`id`, `fk_job_id`, `fk_employee_id`, `status`, `date`, `send_similars`) VALUES
(21, 3, 1, 'درانتظار بررسی', '2021-11-05 12:37:09', 0),
(22, 28, 1, 'درانتظار بررسی', '2021-11-05 12:51:02', 0),
(23, 2, 1, 'درانتظار بررسی', '2021-11-05 16:44:24', 0),
(24, 9, 1, 'درانتظار بررسی', '2021-11-07 09:53:17', 1),
(25, 5, 1, 'درانتظار بررسی', '2021-11-07 09:53:33', 0),
(26, 20, 1, 'درانتظار بررسی', '2021-11-07 09:54:08', 0),
(27, 10, 1, 'درانتظار بررسی', '2021-11-07 09:54:20', 0),
(28, 21, 1, 'درانتظار بررسی', '2021-11-07 09:54:45', 0),
(29, 23, 1, 'درانتظار بررسی', '2021-11-07 09:55:13', 0),
(30, 22, 1, 'درانتظار بررسی', '2021-11-07 09:55:59', 0),
(31, 4, 1, 'درانتظار بررسی', '2021-11-07 09:56:09', 0),
(32, 37, 1, 'درانتظار بررسی', '2021-11-07 09:56:23', 0),
(33, 13, 1, 'درانتظار بررسی', '2021-11-09 23:40:48', 0),
(34, 2, 4, 'درانتظار بررسی', '2021-11-10 10:09:56', 0);

-- --------------------------------------------------------

--
-- Table structure for table `jss_cities`
--

DROP TABLE IF EXISTS `jss_cities`;
CREATE TABLE IF NOT EXISTS `jss_cities` (
  `id` int(10) UNSIGNED NOT NULL AUTO_INCREMENT,
  `fk_province_id` int(11) UNSIGNED NOT NULL,
  `name` varchar(191) CHARACTER SET utf8mb4 COLLATE utf8mb4_unicode_ci NOT NULL,
  `slug` varchar(191) CHARACTER SET utf8mb4 COLLATE utf8mb4_unicode_ci NOT NULL,
  `active` enum('0','1') CHARACTER SET utf8mb4 COLLATE utf8mb4_unicode_ci NOT NULL DEFAULT '0',
  PRIMARY KEY (`id`) USING BTREE,
  UNIQUE KEY `cities_slug_unique` (`slug`) USING BTREE,
  KEY `fk_province_id` (`fk_province_id`)
) ENGINE=InnoDB AUTO_INCREMENT=1120 DEFAULT CHARSET=utf32 COLLATE=utf32_persian_ci ROW_FORMAT=COMPACT;

--
-- Dumping data for table `jss_cities`
--

INSERT INTO `jss_cities` (`id`, `fk_province_id`, `name`, `slug`, `active`) VALUES
(1, 1, 'اسکو', 'اسکو', '0'),
(2, 1, 'اهر', 'اهر', '0'),
(3, 1, 'ایلخچی', 'ایلخچی', '0'),
(4, 1, 'آبش احمد', 'آبش-احمد', '0'),
(5, 1, 'آذرشهر', 'آذرشهر', '0'),
(6, 1, 'آقکند', 'آقکند', '0'),
(7, 1, 'باسمنج', 'باسمنج', '0'),
(8, 1, 'بخشایش', 'بخشایش', '0'),
(9, 1, 'بستان آباد', 'بستان-آباد', '0'),
(10, 1, 'بناب', 'بناب', '0'),
(11, 1, 'بناب جدید', 'بناب-جدید', '0'),
(12, 1, 'تبریز', 'تبریز', '0'),
(13, 1, 'ترک', 'ترک', '0'),
(14, 1, 'ترکمانچای', 'ترکمانچای', '0'),
(15, 1, 'تسوج', 'تسوج', '0'),
(16, 1, 'تیکمه داش', 'تیکمه-داش', '0'),
(17, 1, 'جلفا', 'جلفا', '0'),
(18, 1, 'خاروانا', 'خاروانا', '0'),
(19, 1, 'خامنه', 'خامنه', '0'),
(20, 1, 'خراجو', 'خراجو', '0'),
(21, 1, 'خسروشهر', 'خسروشهر', '0'),
(22, 1, 'خضرلو', 'خضرلو', '0'),
(23, 1, 'خمارلو', 'خمارلو', '0'),
(24, 1, 'خواجه', 'خواجه', '0'),
(25, 1, 'دوزدوزان', 'دوزدوزان', '0'),
(26, 1, 'زرنق', 'زرنق', '0'),
(27, 1, 'زنوز', 'زنوز', '0'),
(28, 1, 'سراب', 'سراب', '0'),
(29, 1, 'سردرود', 'سردرود', '0'),
(30, 1, 'سهند', 'سهند', '0'),
(31, 1, 'سیس', 'سیس', '0'),
(32, 1, 'سیه رود', 'سیه-رود', '0'),
(33, 1, 'شبستر', 'شبستر', '0'),
(34, 1, 'شربیان', 'شربیان', '0'),
(35, 1, 'شرفخانه', 'شرفخانه', '0'),
(36, 1, 'شندآباد', 'شندآباد', '0'),
(37, 1, 'صوفیان', 'صوفیان', '0'),
(38, 1, 'عجب شیر', 'عجب-شیر', '0'),
(39, 1, 'قره آغاج', 'قره-آغاج', '0'),
(40, 1, 'کشکسرای', 'کشکسرای', '0'),
(41, 1, 'کلوانق', 'کلوانق', '0'),
(42, 1, 'کلیبر', 'کلیبر', '0'),
(43, 1, 'کوزه کنان', 'کوزه-کنان', '0'),
(44, 1, 'گوگان', 'گوگان', '0'),
(45, 1, 'لیلان', 'لیلان', '0'),
(46, 1, 'مراغه', 'مراغه', '0'),
(47, 1, 'مرند', 'مرند', '0'),
(48, 1, 'ملکان', 'ملکان', '0'),
(49, 1, 'ملک کیان', 'ملک-کیان', '0'),
(50, 1, 'ممقان', 'ممقان', '0'),
(51, 1, 'مهربان', 'مهربان', '0'),
(52, 1, 'میانه', 'میانه', '0'),
(53, 1, 'نظرکهریزی', 'نظرکهریزی', '0'),
(54, 1, 'هادی شهر', 'هادی-شهر', '0'),
(55, 1, 'هرگلان', 'هرگلان', '0'),
(56, 1, 'هریس', 'هریس', '0'),
(57, 1, 'هشترود', 'هشترود', '0'),
(58, 1, 'هوراند', 'هوراند', '0'),
(59, 1, 'وایقان', 'وایقان', '0'),
(60, 1, 'ورزقان', 'ورزقان', '0'),
(61, 1, 'یامچی', 'یامچی', '0'),
(62, 2, 'ارومیه', 'ارومیه', '0'),
(63, 2, 'اشنویه', 'اشنویه', '0'),
(64, 2, 'ایواوغلی', 'ایواوغلی', '0'),
(65, 2, 'آواجیق', 'آواجیق', '0'),
(66, 2, 'باروق', 'باروق', '0'),
(67, 2, 'بازرگان', 'بازرگان', '0'),
(68, 2, 'بوکان', 'بوکان', '0'),
(69, 2, 'پلدشت', 'پلدشت', '0'),
(70, 2, 'پیرانشهر', 'پیرانشهر', '0'),
(71, 2, 'تازه شهر', 'تازه-شهر', '0'),
(72, 2, 'تکاب', 'تکاب', '0'),
(73, 2, 'چهاربرج', 'چهاربرج', '0'),
(74, 2, 'خوی', 'خوی', '0'),
(75, 2, 'دیزج دیز', 'دیزج-دیز', '0'),
(76, 2, 'ربط', 'ربط', '0'),
(77, 2, 'سردشت', 'آذربایجان-غربی-سردشت', '0'),
(78, 2, 'سرو', 'سرو', '0'),
(79, 2, 'سلماس', 'سلماس', '0'),
(80, 2, 'سیلوانه', 'سیلوانه', '0'),
(81, 2, 'سیمینه', 'سیمینه', '0'),
(82, 2, 'سیه چشمه', 'سیه-چشمه', '0'),
(83, 2, 'شاهین دژ', 'شاهین-دژ', '0'),
(84, 2, 'شوط', 'شوط', '0'),
(85, 2, 'فیرورق', 'فیرورق', '0'),
(86, 2, 'قره ضیاءالدین', 'قره-ضیاءالدین', '0'),
(87, 2, 'قطور', 'قطور', '0'),
(88, 2, 'قوشچی', 'قوشچی', '0'),
(89, 2, 'کشاورز', 'کشاورز', '0'),
(90, 2, 'گردکشانه', 'گردکشانه', '0'),
(91, 2, 'ماکو', 'ماکو', '0'),
(92, 2, 'محمدیار', 'محمدیار', '0'),
(93, 2, 'محمودآباد', 'آذربایجان-غربی-محمودآباد', '0'),
(94, 2, 'مهاباد', 'آذربایجان-غربی-مهاباد', '0'),
(95, 2, 'میاندوآب', 'میاندوآب', '0'),
(96, 2, 'میرآباد', 'میرآباد', '0'),
(97, 2, 'نالوس', 'نالوس', '0'),
(98, 2, 'نقده', 'نقده', '0'),
(99, 2, 'نوشین', 'نوشین', '0'),
(100, 3, 'اردبیل', 'شهر-اردبیل', '0'),
(101, 3, 'اصلاندوز', 'اصلاندوز', '0'),
(102, 3, 'آبی بیگلو', 'آبی-بیگلو', '0'),
(103, 3, 'بیله سوار', 'بیله-سوار', '0'),
(104, 3, 'پارس آباد', 'پارس-آباد', '0'),
(105, 3, 'تازه کند', 'تازه-کند', '0'),
(106, 3, 'تازه کندانگوت', 'تازه-کندانگوت', '0'),
(107, 3, 'جعفرآباد', 'جعفرآباد', '0'),
(108, 3, 'خلخال', 'خلخال', '0'),
(109, 3, 'رضی', 'رضی', '0'),
(110, 3, 'سرعین', 'سرعین', '0'),
(111, 3, 'عنبران', 'عنبران', '0'),
(112, 3, 'فخرآباد', 'فخرآباد', '0'),
(113, 3, 'کلور', 'کلور', '0'),
(114, 3, 'کوراییم', 'کوراییم', '0'),
(115, 3, 'گرمی', 'گرمی', '0'),
(116, 3, 'گیوی', 'گیوی', '0'),
(117, 3, 'لاهرود', 'لاهرود', '0'),
(118, 3, 'مشگین شهر', 'مشگین-شهر', '0'),
(119, 3, 'نمین', 'نمین', '0'),
(120, 3, 'نیر', 'اردبیل-نیر', '0'),
(121, 3, 'هشتجین', 'هشتجین', '0'),
(122, 3, 'هیر', 'هیر', '0'),
(123, 4, 'ابریشم', 'ابریشم', '0'),
(124, 4, 'ابوزیدآباد', 'ابوزیدآباد', '0'),
(125, 4, 'اردستان', 'اردستان', '0'),
(126, 4, 'اژیه', 'اژیه', '0'),
(127, 4, 'اصفهان', 'شهر-اصفهان', '0'),
(128, 4, 'افوس', 'افوس', '0'),
(129, 4, 'انارک', 'انارک', '0'),
(130, 4, 'ایمانشهر', 'ایمانشهر', '0'),
(131, 4, 'آران وبیدگل', 'آران-وبیدگل', '0'),
(132, 4, 'بادرود', 'بادرود', '0'),
(133, 4, 'باغ بهادران', 'باغ-بهادران', '0'),
(134, 4, 'بافران', 'بافران', '0'),
(135, 4, 'برزک', 'برزک', '0'),
(136, 4, 'برف انبار', 'برف-انبار', '0'),
(137, 4, 'بهاران شهر', 'بهاران-شهر', '0'),
(138, 4, 'بهارستان', 'بهارستان', '0'),
(139, 4, 'بوئین و میاندشت', 'بوئین-میاندشت', '0'),
(140, 4, 'پیربکران', 'پیربکران', '0'),
(141, 4, 'تودشک', 'تودشک', '0'),
(142, 4, 'تیران', 'تیران', '0'),
(143, 4, 'جندق', 'جندق', '0'),
(144, 4, 'جوزدان', 'جوزدان', '0'),
(145, 4, 'جوشقان و کامو', 'جوشقان-کامو', '0'),
(146, 4, 'چادگان', 'چادگان', '0'),
(147, 4, 'چرمهین', 'چرمهین', '0'),
(148, 4, 'چمگردان', 'چمگردان', '0'),
(149, 4, 'حبیب آباد', 'حبیب-آباد', '0'),
(150, 4, 'حسن آباد', 'اصفهان-حسن-آباد', '0'),
(151, 4, 'حنا', 'حنا', '0'),
(152, 4, 'خالدآباد', 'خالدآباد', '0'),
(153, 4, 'خمینی شهر', 'خمینی-شهر', '0'),
(154, 4, 'خوانسار', 'خوانسار', '0'),
(155, 4, 'خور', 'اصفهان-خور', '0'),
(157, 4, 'خورزوق', 'خورزوق', '0'),
(158, 4, 'داران', 'داران', '0'),
(159, 4, 'دامنه', 'دامنه', '0'),
(160, 4, 'درچه', 'درچه', '0'),
(161, 4, 'دستگرد', 'دستگرد', '0'),
(162, 4, 'دهاقان', 'دهاقان', '0'),
(163, 4, 'دهق', 'دهق', '0'),
(164, 4, 'دولت آباد', 'اصفهان-دولت-آباد', '0'),
(165, 4, 'دیزیچه', 'دیزیچه', '0'),
(166, 4, 'رزوه', 'رزوه', '0'),
(167, 4, 'رضوانشهر', 'اصفهان-رضوانشهر', '0'),
(168, 4, 'زاینده رود', 'زاینده-رود', '0'),
(169, 4, 'زرین شهر', 'زرین-شهر', '0'),
(170, 4, 'زواره', 'زواره', '0'),
(171, 4, 'زیباشهر', 'زیباشهر', '0'),
(172, 4, 'سده لنجان', 'سده-لنجان', '0'),
(173, 4, 'سفیدشهر', 'سفیدشهر', '0'),
(174, 4, 'سگزی', 'سگزی', '0'),
(175, 4, 'سمیرم', 'سمیرم', '0'),
(176, 4, 'شاهین شهر', 'شاهین-شهر', '0'),
(177, 4, 'شهرضا', 'شهرضا', '0'),
(178, 4, 'طالخونچه', 'طالخونچه', '0'),
(179, 4, 'عسگران', 'عسگران', '0'),
(180, 4, 'علویجه', 'علویجه', '0'),
(181, 4, 'فرخی', 'فرخی', '0'),
(182, 4, 'فریدونشهر', 'فریدونشهر', '0'),
(183, 4, 'فلاورجان', 'فلاورجان', '0'),
(184, 4, 'فولادشهر', 'فولادشهر', '0'),
(185, 4, 'قمصر', 'قمصر', '0'),
(186, 4, 'قهجاورستان', 'قهجاورستان', '0'),
(187, 4, 'قهدریجان', 'قهدریجان', '0'),
(188, 4, 'کاشان', 'کاشان', '0'),
(189, 4, 'کرکوند', 'کرکوند', '0'),
(190, 4, 'کلیشاد و سودرجان', 'کلیشاد-سودرجان', '0'),
(191, 4, 'کمشچه', 'کمشچه', '0'),
(192, 4, 'کمه', 'کمه', '0'),
(193, 4, 'کهریزسنگ', 'کهریزسنگ', '0'),
(194, 4, 'کوشک', 'کوشک', '0'),
(195, 4, 'کوهپایه', 'کوهپایه', '0'),
(196, 4, 'گرگاب', 'گرگاب', '0'),
(197, 4, 'گزبرخوار', 'گزبرخوار', '0'),
(198, 4, 'گلپایگان', 'گلپایگان', '0'),
(199, 4, 'گلدشت', 'گلدشت', '0'),
(200, 4, 'گلشهر', 'گلشهر', '0'),
(201, 4, 'گوگد', 'گوگد', '0'),
(202, 4, 'لای بید', 'لای-بید', '0'),
(203, 4, 'مبارکه', 'مبارکه', '0'),
(204, 4, 'مجلسی', 'مجلسی', '0'),
(205, 4, 'محمدآباد', 'اصفهان-محمدآباد', '0'),
(206, 4, 'مشکات', 'مشکات', '0'),
(207, 4, 'منظریه', 'منظریه', '0'),
(208, 4, 'مهاباد', 'اصفهان-مهاباد', '0'),
(209, 4, 'میمه', 'اصفهان-میمه', '0'),
(210, 4, 'نائین', 'نائین', '0'),
(211, 4, 'نجف آباد', 'نجف-آباد', '0'),
(212, 4, 'نصرآباد', 'اصفهان-نصرآباد', '0'),
(213, 4, 'نطنز', 'نطنز', '0'),
(214, 4, 'نوش آباد', 'نوش-آباد', '0'),
(215, 4, 'نیاسر', 'نیاسر', '0'),
(216, 4, 'نیک آباد', 'نیک-آباد', '0'),
(217, 4, 'هرند', 'هرند', '0'),
(218, 4, 'ورزنه', 'ورزنه', '0'),
(219, 4, 'ورنامخواست', 'ورنامخواست', '0'),
(220, 4, 'وزوان', 'وزوان', '0'),
(221, 4, 'ونک', 'ونک', '0'),
(222, 5, 'اسارا', 'اسارا', '0'),
(223, 5, 'اشتهارد', 'اشتهارد', '0'),
(224, 5, 'تنکمان', 'تنکمان', '0'),
(225, 5, 'چهارباغ', 'چهارباغ', '0'),
(226, 5, 'سیف آباد', 'سیف-آباد', '0'),
(227, 5, 'شهر جدید هشتگرد', 'شهر-جدید-هشتگرد', '0'),
(228, 5, 'طالقان', 'طالقان', '0'),
(229, 5, 'کرج', 'کرج', '0'),
(230, 5, 'کمال شهر', 'کمال-شهر', '0'),
(231, 5, 'کوهسار', 'کوهسار', '0'),
(232, 5, 'گرمدره', 'گرمدره', '0'),
(233, 5, 'ماهدشت', 'ماهدشت', '0'),
(234, 5, 'محمدشهر', 'البرز-محمدشهر', '0'),
(235, 5, 'مشکین دشت', 'مشکین-دشت', '0'),
(236, 5, 'نظرآباد', 'نظرآباد', '0'),
(237, 5, 'هشتگرد', 'هشتگرد', '0'),
(238, 6, 'ارکواز', 'ارکواز', '0'),
(239, 6, 'ایلام', 'شهر-ایلام', '0'),
(240, 6, 'ایوان', 'ایوان', '0'),
(241, 6, 'آبدانان', 'آبدانان', '0'),
(242, 6, 'آسمان آباد', 'آسمان-آباد', '0'),
(243, 6, 'بدره', 'بدره', '0'),
(244, 6, 'پهله', 'پهله', '0'),
(245, 6, 'توحید', 'توحید', '0'),
(246, 6, 'چوار', 'چوار', '0'),
(247, 6, 'دره شهر', 'دره-شهر', '0'),
(248, 6, 'دلگشا', 'دلگشا', '0'),
(249, 6, 'دهلران', 'دهلران', '0'),
(250, 6, 'زرنه', 'زرنه', '0'),
(251, 6, 'سراب باغ', 'سراب-باغ', '0'),
(252, 6, 'سرابله', 'سرابله', '0'),
(253, 6, 'صالح آباد', 'ایلام-صالح-آباد', '0'),
(254, 6, 'لومار', 'لومار', '0'),
(255, 6, 'مهران', 'مهران', '0'),
(256, 6, 'مورموری', 'مورموری', '0'),
(257, 6, 'موسیان', 'موسیان', '0'),
(258, 6, 'میمه', 'ایلام-میمه', '0'),
(259, 7, 'امام حسن', 'امام-حسن', '0'),
(260, 7, 'انارستان', 'انارستان', '0'),
(261, 7, 'اهرم', 'اهرم', '0'),
(262, 7, 'آب پخش', 'آب-پخش', '0'),
(263, 7, 'آبدان', 'آبدان', '0'),
(264, 7, 'برازجان', 'برازجان', '0'),
(265, 7, 'بردخون', 'بردخون', '0'),
(266, 7, 'بندردیر', 'بندردیر', '0'),
(267, 7, 'بندردیلم', 'بندردیلم', '0'),
(268, 7, 'بندرریگ', 'بندرریگ', '0'),
(269, 7, 'بندرکنگان', 'بندرکنگان', '0'),
(270, 7, 'بندرگناوه', 'بندرگناوه', '0'),
(271, 7, 'بنک', 'بنک', '0'),
(272, 7, 'بوشهر', 'شهر-بوشهر', '0'),
(273, 7, 'تنگ ارم', 'تنگ-ارم', '0'),
(274, 7, 'جم', 'جم', '0'),
(275, 7, 'چغادک', 'چغادک', '0'),
(276, 7, 'خارک', 'خارک', '0'),
(277, 7, 'خورموج', 'خورموج', '0'),
(278, 7, 'دالکی', 'دالکی', '0'),
(279, 7, 'دلوار', 'دلوار', '0'),
(280, 7, 'ریز', 'ریز', '0'),
(281, 7, 'سعدآباد', 'سعدآباد', '0'),
(282, 7, 'سیراف', 'سیراف', '0'),
(283, 7, 'شبانکاره', 'شبانکاره', '0'),
(284, 7, 'شنبه', 'شنبه', '0'),
(285, 7, 'عسلویه', 'عسلویه', '0'),
(286, 7, 'کاکی', 'کاکی', '0'),
(287, 7, 'کلمه', 'کلمه', '0'),
(288, 7, 'نخل تقی', 'نخل-تقی', '0'),
(289, 7, 'وحدتیه', 'وحدتیه', '0'),
(290, 8, 'ارجمند', 'ارجمند', '0'),
(291, 8, 'اسلامشهر', 'اسلامشهر', '0'),
(292, 8, 'اندیشه', 'اندیشه', '0'),
(293, 8, 'آبسرد', 'آبسرد', '0'),
(294, 8, 'آبعلی', 'آبعلی', '0'),
(295, 8, 'باغستان', 'باغستان', '0'),
(296, 8, 'باقرشهر', 'باقرشهر', '0'),
(297, 8, 'بومهن', 'بومهن', '0'),
(298, 8, 'پاکدشت', 'پاکدشت', '0'),
(299, 8, 'پردیس', 'پردیس', '0'),
(300, 8, 'پیشوا', 'پیشوا', '0'),
(301, 8, 'تهران', 'شهر-تهران', '0'),
(302, 8, 'جوادآباد', 'جوادآباد', '0'),
(303, 8, 'چهاردانگه', 'چهاردانگه', '0'),
(304, 8, 'حسن آباد', 'تهران-حسن-آباد', '0'),
(305, 8, 'دماوند', 'دماوند', '0'),
(306, 8, 'دیزین', 'دیزین', '0'),
(307, 8, 'ری', 'ری', '0'),
(308, 8, 'رباط کریم', 'رباط-کریم', '0'),
(309, 8, 'رودهن', 'رودهن', '0'),
(310, 8, 'شاهدشهر', 'شاهدشهر', '0'),
(311, 8, 'شریف آباد', 'شریف-آباد', '0'),
(312, 8, 'شمشک', 'شمشک', '0'),
(313, 8, 'شهریار', 'شهریار', '0'),
(314, 8, 'صالح آباد', 'تهران-صالح-آباد', '0'),
(315, 8, 'صباشهر', 'صباشهر', '0'),
(316, 8, 'صفادشت', 'صفادشت', '0'),
(317, 8, 'فردوسیه', 'فردوسیه', '0'),
(318, 8, 'فشم', 'فشم', '0'),
(319, 8, 'فیروزکوه', 'فیروزکوه', '0'),
(320, 8, 'قدس', 'قدس', '0'),
(321, 8, 'قرچک', 'قرچک', '0'),
(322, 8, 'کهریزک', 'کهریزک', '0'),
(323, 8, 'کیلان', 'کیلان', '0'),
(324, 8, 'گلستان', 'شهر-گلستان', '0'),
(325, 8, 'لواسان', 'لواسان', '0'),
(326, 8, 'ملارد', 'ملارد', '0'),
(327, 8, 'میگون', 'میگون', '0'),
(328, 8, 'نسیم شهر', 'نسیم-شهر', '0'),
(329, 8, 'نصیرآباد', 'نصیرآباد', '0'),
(330, 8, 'وحیدیه', 'وحیدیه', '0'),
(331, 8, 'ورامین', 'ورامین', '0'),
(332, 9, 'اردل', 'اردل', '0'),
(333, 9, 'آلونی', 'آلونی', '0'),
(334, 9, 'باباحیدر', 'باباحیدر', '0'),
(335, 9, 'بروجن', 'بروجن', '0'),
(336, 9, 'بلداجی', 'بلداجی', '0'),
(337, 9, 'بن', 'بن', '0'),
(338, 9, 'جونقان', 'جونقان', '0'),
(339, 9, 'چلگرد', 'چلگرد', '0'),
(340, 9, 'سامان', 'سامان', '0'),
(341, 9, 'سفیددشت', 'سفیددشت', '0'),
(342, 9, 'سودجان', 'سودجان', '0'),
(343, 9, 'سورشجان', 'سورشجان', '0'),
(344, 9, 'شلمزار', 'شلمزار', '0'),
(345, 9, 'شهرکرد', 'شهرکرد', '0'),
(346, 9, 'طاقانک', 'طاقانک', '0'),
(347, 9, 'فارسان', 'فارسان', '0'),
(348, 9, 'فرادبنه', 'فرادبنه', '0'),
(349, 9, 'فرخ شهر', 'فرخ-شهر', '0'),
(350, 9, 'کیان', 'کیان', '0'),
(351, 9, 'گندمان', 'گندمان', '0'),
(352, 9, 'گهرو', 'گهرو', '0'),
(353, 9, 'لردگان', 'لردگان', '0'),
(354, 9, 'مال خلیفه', 'مال-خلیفه', '0'),
(355, 9, 'ناغان', 'ناغان', '0'),
(356, 9, 'نافچ', 'نافچ', '0'),
(357, 9, 'نقنه', 'نقنه', '0'),
(358, 9, 'هفشجان', 'هفشجان', '0'),
(359, 10, 'ارسک', 'ارسک', '0'),
(360, 10, 'اسدیه', 'اسدیه', '0'),
(361, 10, 'اسفدن', 'اسفدن', '0'),
(362, 10, 'اسلامیه', 'اسلامیه', '0'),
(363, 10, 'آرین شهر', 'آرین-شهر', '0'),
(364, 10, 'آیسک', 'آیسک', '0'),
(365, 10, 'بشرویه', 'بشرویه', '0'),
(366, 10, 'بیرجند', 'بیرجند', '0'),
(367, 10, 'حاجی آباد', 'خراسان-جنوبی-حاجی-آباد', '0'),
(368, 10, 'خضری دشت بیاض', 'خضری-دشت-بیاض', '0'),
(369, 10, 'خوسف', 'خوسف', '0'),
(370, 10, 'زهان', 'زهان', '0'),
(371, 10, 'سرایان', 'سرایان', '0'),
(372, 10, 'سربیشه', 'سربیشه', '0'),
(373, 10, 'سه قلعه', 'سه-قلعه', '0'),
(374, 10, 'شوسف', 'شوسف', '0'),
(375, 10, 'طبس ', 'خراسان-جنوبی-طبس-', '0'),
(376, 10, 'فردوس', 'فردوس', '0'),
(377, 10, 'قاین', 'قاین', '0'),
(378, 10, 'قهستان', 'قهستان', '0'),
(379, 10, 'محمدشهر', 'خراسان-جنوبی-محمدشهر', '0'),
(380, 10, 'مود', 'مود', '0'),
(381, 10, 'نهبندان', 'نهبندان', '0'),
(382, 10, 'نیمبلوک', 'نیمبلوک', '0'),
(383, 11, 'احمدآباد صولت', 'احمدآباد-صولت', '0'),
(384, 11, 'انابد', 'انابد', '0'),
(385, 11, 'باجگیران', 'باجگیران', '0'),
(386, 11, 'باخرز', 'باخرز', '0'),
(387, 11, 'بار', 'بار', '0'),
(388, 11, 'بایگ', 'بایگ', '0'),
(389, 11, 'بجستان', 'بجستان', '0'),
(390, 11, 'بردسکن', 'بردسکن', '0'),
(391, 11, 'بیدخت', 'بیدخت', '0'),
(392, 11, 'تایباد', 'تایباد', '0'),
(393, 11, 'تربت جام', 'تربت-جام', '0'),
(394, 11, 'تربت حیدریه', 'تربت-حیدریه', '0'),
(395, 11, 'جغتای', 'جغتای', '0'),
(396, 11, 'جنگل', 'جنگل', '0'),
(397, 11, 'چاپشلو', 'چاپشلو', '0'),
(398, 11, 'چکنه', 'چکنه', '0'),
(399, 11, 'چناران', 'چناران', '0'),
(400, 11, 'خرو', 'خرو', '0'),
(401, 11, 'خلیل آباد', 'خلیل-آباد', '0'),
(402, 11, 'خواف', 'خواف', '0'),
(403, 11, 'داورزن', 'داورزن', '0'),
(404, 11, 'درگز', 'درگز', '0'),
(405, 11, 'در رود', 'در-رود', '0'),
(406, 11, 'دولت آباد', 'خراسان-رضوی-دولت-آباد', '0'),
(407, 11, 'رباط سنگ', 'رباط-سنگ', '0'),
(408, 11, 'رشتخوار', 'رشتخوار', '0'),
(409, 11, 'رضویه', 'رضویه', '0'),
(410, 11, 'روداب', 'روداب', '0'),
(411, 11, 'ریوش', 'ریوش', '0'),
(412, 11, 'سبزوار', 'سبزوار', '0'),
(413, 11, 'سرخس', 'سرخس', '0'),
(414, 11, 'سفیدسنگ', 'سفیدسنگ', '0'),
(415, 11, 'سلامی', 'سلامی', '0'),
(416, 11, 'سلطان آباد', 'سلطان-آباد', '0'),
(417, 11, 'سنگان', 'سنگان', '0'),
(418, 11, 'شادمهر', 'شادمهر', '0'),
(419, 11, 'شاندیز', 'شاندیز', '0'),
(420, 11, 'ششتمد', 'ششتمد', '0'),
(421, 11, 'شهرآباد', 'شهرآباد', '0'),
(422, 11, 'شهرزو', 'شهرزو', '0'),
(423, 11, 'صالح آباد', 'خراسان-رضوی-صالح-آباد', '0'),
(424, 11, 'طرقبه', 'طرقبه', '0'),
(425, 11, 'عشق آباد', 'خراسان-رضوی-عشق-آباد', '0'),
(426, 11, 'فرهادگرد', 'فرهادگرد', '0'),
(427, 11, 'فریمان', 'فریمان', '0'),
(428, 11, 'فیروزه', 'فیروزه', '0'),
(429, 11, 'فیض آباد', 'فیض-آباد', '0'),
(430, 11, 'قاسم آباد', 'قاسم-آباد', '0'),
(431, 11, 'قدمگاه', 'قدمگاه', '0'),
(432, 11, 'قلندرآباد', 'قلندرآباد', '0'),
(433, 11, 'قوچان', 'قوچان', '0'),
(434, 11, 'کاخک', 'کاخک', '0'),
(435, 11, 'کاریز', 'کاریز', '0'),
(436, 11, 'کاشمر', 'کاشمر', '0'),
(437, 11, 'کدکن', 'کدکن', '0'),
(438, 11, 'کلات', 'کلات', '0'),
(439, 11, 'کندر', 'کندر', '0'),
(440, 11, 'گلمکان', 'گلمکان', '0'),
(441, 11, 'گناباد', 'گناباد', '0'),
(442, 11, 'لطف آباد', 'لطف-آباد', '0'),
(443, 11, 'مزدآوند', 'مزدآوند', '0'),
(444, 11, 'مشهد', 'مشهد', '0'),
(445, 11, 'ملک آباد', 'ملک-آباد', '0'),
(446, 11, 'نشتیفان', 'نشتیفان', '0'),
(447, 11, 'نصرآباد', 'خراسان-رضوی-نصرآباد', '0'),
(448, 11, 'نقاب', 'نقاب', '0'),
(449, 11, 'نوخندان', 'نوخندان', '0'),
(450, 11, 'نیشابور', 'نیشابور', '0'),
(451, 11, 'نیل شهر', 'نیل-شهر', '0'),
(452, 11, 'همت آباد', 'همت-آباد', '0'),
(453, 11, 'یونسی', 'یونسی', '0'),
(454, 12, 'اسفراین', 'اسفراین', '0'),
(455, 12, 'ایور', 'ایور', '0'),
(456, 12, 'آشخانه', 'آشخانه', '0'),
(457, 12, 'بجنورد', 'بجنورد', '0'),
(458, 12, 'پیش قلعه', 'پیش-قلعه', '0'),
(459, 12, 'تیتکانلو', 'تیتکانلو', '0'),
(460, 12, 'جاجرم', 'جاجرم', '0'),
(461, 12, 'حصارگرمخان', 'حصارگرمخان', '0'),
(462, 12, 'درق', 'درق', '0'),
(463, 12, 'راز', 'راز', '0'),
(464, 12, 'سنخواست', 'سنخواست', '0'),
(465, 12, 'شوقان', 'شوقان', '0'),
(466, 12, 'شیروان', 'شیروان', '0'),
(467, 12, 'صفی آباد', 'خراسان-شمالی-صفی-آباد', '0'),
(468, 12, 'فاروج', 'فاروج', '0'),
(469, 12, 'قاضی', 'قاضی', '0'),
(470, 12, 'گرمه', 'گرمه', '0'),
(471, 12, 'لوجلی', 'لوجلی', '0'),
(472, 13, 'اروندکنار', 'اروندکنار', '0'),
(473, 13, 'الوان', 'الوان', '0'),
(474, 13, 'امیدیه', 'امیدیه', '0'),
(475, 13, 'اندیمشک', 'اندیمشک', '0'),
(476, 13, 'اهواز', 'اهواز', '0'),
(477, 13, 'ایذه', 'ایذه', '0'),
(478, 13, 'آبادان', 'آبادان', '0'),
(479, 13, 'آغاجاری', 'آغاجاری', '0'),
(480, 13, 'باغ ملک', 'باغ-ملک', '0'),
(481, 13, 'بستان', 'بستان', '0'),
(482, 13, 'بندرامام خمینی', 'بندرامام-خمینی', '0'),
(483, 13, 'بندرماهشهر', 'بندرماهشهر', '0'),
(484, 13, 'بهبهان', 'بهبهان', '0'),
(485, 13, 'ترکالکی', 'ترکالکی', '0'),
(486, 13, 'جایزان', 'جایزان', '0'),
(487, 13, 'چمران', 'چمران', '0'),
(488, 13, 'چویبده', 'چویبده', '0'),
(489, 13, 'حر', 'حر', '0'),
(490, 13, 'حسینیه', 'حسینیه', '0'),
(491, 13, 'حمزه', 'حمزه', '0'),
(492, 13, 'حمیدیه', 'حمیدیه', '0'),
(493, 13, 'خرمشهر', 'خرمشهر', '0'),
(494, 13, 'دارخوین', 'دارخوین', '0'),
(495, 13, 'دزآب', 'دزآب', '0'),
(496, 13, 'دزفول', 'دزفول', '0'),
(497, 13, 'دهدز', 'دهدز', '0'),
(498, 13, 'رامشیر', 'رامشیر', '0'),
(499, 13, 'رامهرمز', 'رامهرمز', '0'),
(500, 13, 'رفیع', 'رفیع', '0'),
(501, 13, 'زهره', 'زهره', '0'),
(502, 13, 'سالند', 'سالند', '0'),
(503, 13, 'سردشت', 'خوزستان-سردشت', '0'),
(504, 13, 'سوسنگرد', 'سوسنگرد', '0'),
(505, 13, 'شادگان', 'شادگان', '0'),
(506, 13, 'شاوور', 'شاوور', '0'),
(507, 13, 'شرافت', 'شرافت', '0'),
(508, 13, 'شوش', 'شوش', '0'),
(509, 13, 'شوشتر', 'شوشتر', '0'),
(510, 13, 'شیبان', 'شیبان', '0'),
(511, 13, 'صالح شهر', 'صالح-شهر', '0'),
(512, 13, 'صفی آباد', 'خوزستان-صفی-آباد', '0'),
(513, 13, 'صیدون', 'صیدون', '0'),
(514, 13, 'قلعه تل', 'قلعه-تل', '0'),
(515, 13, 'قلعه خواجه', 'قلعه-خواجه', '0'),
(516, 13, 'گتوند', 'گتوند', '0'),
(517, 13, 'لالی', 'لالی', '0'),
(518, 13, 'مسجدسلیمان', 'مسجدسلیمان', '0'),
(520, 13, 'ملاثانی', 'ملاثانی', '0'),
(521, 13, 'میانرود', 'میانرود', '0'),
(522, 13, 'مینوشهر', 'مینوشهر', '0'),
(523, 13, 'هفتگل', 'هفتگل', '0'),
(524, 13, 'هندیجان', 'هندیجان', '0'),
(525, 13, 'هویزه', 'هویزه', '0'),
(526, 13, 'ویس', 'ویس', '0'),
(527, 14, 'ابهر', 'ابهر', '0'),
(528, 14, 'ارمغان خانه', 'ارمغان-خانه', '0'),
(529, 14, 'آب بر', 'آب-بر', '0'),
(530, 14, 'چورزق', 'چورزق', '0'),
(531, 14, 'حلب', 'حلب', '0'),
(532, 14, 'خرمدره', 'خرمدره', '0'),
(533, 14, 'دندی', 'دندی', '0'),
(534, 14, 'زرین آباد', 'زرین-آباد', '0'),
(535, 14, 'زرین رود', 'زرین-رود', '0'),
(536, 14, 'زنجان', 'شهر-زنجان', '0'),
(537, 14, 'سجاس', 'سجاس', '0'),
(538, 14, 'سلطانیه', 'سلطانیه', '0'),
(539, 14, 'سهرورد', 'سهرورد', '0'),
(540, 14, 'صائین قلعه', 'صائین-قلعه', '0'),
(541, 14, 'قیدار', 'قیدار', '0'),
(542, 14, 'گرماب', 'گرماب', '0'),
(543, 14, 'ماه نشان', 'ماه-نشان', '0'),
(544, 14, 'هیدج', 'هیدج', '0'),
(545, 15, 'امیریه', 'امیریه', '0'),
(546, 15, 'ایوانکی', 'ایوانکی', '0'),
(547, 15, 'آرادان', 'آرادان', '0'),
(548, 15, 'بسطام', 'بسطام', '0'),
(549, 15, 'بیارجمند', 'بیارجمند', '0'),
(550, 15, 'دامغان', 'دامغان', '0'),
(551, 15, 'درجزین', 'درجزین', '0'),
(552, 15, 'دیباج', 'دیباج', '0'),
(553, 15, 'سرخه', 'سرخه', '0'),
(554, 15, 'سمنان', 'شهر-سمنان', '0'),
(555, 15, 'شاهرود', 'شاهرود', '0'),
(556, 15, 'شهمیرزاد', 'شهمیرزاد', '0'),
(557, 15, 'کلاته خیج', 'کلاته-خیج', '0'),
(558, 15, 'گرمسار', 'گرمسار', '0'),
(559, 15, 'مجن', 'مجن', '0'),
(560, 15, 'مهدی شهر', 'مهدی-شهر', '0'),
(561, 15, 'میامی', 'میامی', '0'),
(562, 16, 'ادیمی', 'ادیمی', '0'),
(563, 16, 'اسپکه', 'اسپکه', '0'),
(564, 16, 'ایرانشهر', 'ایرانشهر', '0'),
(565, 16, 'بزمان', 'بزمان', '0'),
(566, 16, 'بمپور', 'بمپور', '0'),
(567, 16, 'بنت', 'بنت', '0'),
(568, 16, 'بنجار', 'بنجار', '0'),
(569, 16, 'پیشین', 'پیشین', '0'),
(570, 16, 'جالق', 'جالق', '0'),
(571, 16, 'چابهار', 'چابهار', '0'),
(572, 16, 'خاش', 'خاش', '0'),
(573, 16, 'دوست محمد', 'دوست-محمد', '0'),
(574, 16, 'راسک', 'راسک', '0'),
(575, 16, 'زابل', 'زابل', '0'),
(576, 16, 'زابلی', 'زابلی', '0'),
(577, 16, 'زاهدان', 'زاهدان', '0'),
(578, 16, 'زهک', 'زهک', '0'),
(579, 16, 'سراوان', 'سراوان', '0'),
(580, 16, 'سرباز', 'سرباز', '0'),
(581, 16, 'سوران', 'سوران', '0'),
(582, 16, 'سیرکان', 'سیرکان', '0'),
(583, 16, 'علی اکبر', 'علی-اکبر', '0'),
(584, 16, 'فنوج', 'فنوج', '0'),
(585, 16, 'قصرقند', 'قصرقند', '0'),
(586, 16, 'کنارک', 'کنارک', '0'),
(587, 16, 'گشت', 'گشت', '0'),
(588, 16, 'گلمورتی', 'گلمورتی', '0'),
(589, 16, 'محمدان', 'محمدان', '0'),
(590, 16, 'محمدآباد', 'سیستان-و-بلوچستان-محمدآباد', '0'),
(591, 16, 'محمدی', 'محمدی', '0'),
(592, 16, 'میرجاوه', 'میرجاوه', '0'),
(593, 16, 'نصرت آباد', 'نصرت-آباد', '0'),
(594, 16, 'نگور', 'نگور', '0'),
(595, 16, 'نوک آباد', 'نوک-آباد', '0'),
(596, 16, 'نیک شهر', 'نیک-شهر', '0'),
(597, 16, 'هیدوچ', 'هیدوچ', '0'),
(598, 17, 'اردکان', 'فارس-اردکان', '0'),
(599, 17, 'ارسنجان', 'ارسنجان', '0'),
(600, 17, 'استهبان', 'استهبان', '0'),
(601, 17, 'اشکنان', 'اشکنان', '0'),
(602, 17, 'افزر', 'افزر', '0'),
(603, 17, 'اقلید', 'اقلید', '0'),
(604, 17, 'امام شهر', 'امام-شهر', '0'),
(605, 17, 'اهل', 'اهل', '0'),
(606, 17, 'اوز', 'اوز', '0'),
(607, 17, 'ایج', 'ایج', '0'),
(608, 17, 'ایزدخواست', 'ایزدخواست', '0'),
(609, 17, 'آباده', 'آباده', '0'),
(610, 17, 'آباده طشک', 'آباده-طشک', '0'),
(611, 17, 'باب انار', 'باب-انار', '0'),
(612, 17, 'بالاده', 'فارس-بالاده', '0'),
(613, 17, 'بنارویه', 'بنارویه', '0'),
(614, 17, 'بهمن', 'بهمن', '0'),
(615, 17, 'بوانات', 'بوانات', '0'),
(616, 17, 'بیرم', 'بیرم', '0'),
(617, 17, 'بیضا', 'بیضا', '0'),
(618, 17, 'جنت شهر', 'جنت-شهر', '0'),
(619, 17, 'جهرم', 'جهرم', '0'),
(620, 17, 'جویم', 'جویم', '0'),
(621, 17, 'زرین دشت', 'زرین-دشت', '0'),
(622, 17, 'حسن آباد', 'فارس-حسن-آباد', '0'),
(623, 17, 'خان زنیان', 'خان-زنیان', '0'),
(624, 17, 'خاوران', 'خاوران', '0'),
(625, 17, 'خرامه', 'خرامه', '0'),
(626, 17, 'خشت', 'خشت', '0'),
(627, 17, 'خنج', 'خنج', '0'),
(628, 17, 'خور', 'فارس-خور', '0'),
(629, 17, 'داراب', 'داراب', '0'),
(630, 17, 'داریان', 'داریان', '0'),
(631, 17, 'دبیران', 'دبیران', '0'),
(632, 17, 'دژکرد', 'دژکرد', '0'),
(633, 17, 'دهرم', 'دهرم', '0'),
(634, 17, 'دوبرجی', 'دوبرجی', '0'),
(635, 17, 'رامجرد', 'رامجرد', '0'),
(636, 17, 'رونیز', 'رونیز', '0'),
(637, 17, 'زاهدشهر', 'زاهدشهر', '0'),
(638, 17, 'زرقان', 'زرقان', '0'),
(639, 17, 'سده', 'سده', '0'),
(640, 17, 'سروستان', 'سروستان', '0'),
(641, 17, 'سعادت شهر', 'سعادت-شهر', '0'),
(642, 17, 'سورمق', 'سورمق', '0'),
(643, 17, 'سیدان', 'سیدان', '0'),
(644, 17, 'ششده', 'ششده', '0'),
(645, 17, 'شهرپیر', 'شهرپیر', '0'),
(646, 17, 'شهرصدرا', 'شهرصدرا', '0'),
(647, 17, 'شیراز', 'شیراز', '0'),
(648, 17, 'صغاد', 'صغاد', '0'),
(649, 17, 'صفاشهر', 'صفاشهر', '0'),
(650, 17, 'علامرودشت', 'علامرودشت', '0'),
(651, 17, 'فدامی', 'فدامی', '0'),
(652, 17, 'فراشبند', 'فراشبند', '0'),
(653, 17, 'فسا', 'فسا', '0'),
(654, 17, 'فیروزآباد', 'فارس-فیروزآباد', '0'),
(655, 17, 'قائمیه', 'قائمیه', '0'),
(656, 17, 'قادرآباد', 'قادرآباد', '0'),
(657, 17, 'قطب آباد', 'قطب-آباد', '0'),
(658, 17, 'قطرویه', 'قطرویه', '0'),
(659, 17, 'قیر', 'قیر', '0'),
(660, 17, 'کارزین (فتح آباد)', 'کارزین-فتح-آباد', '0'),
(661, 17, 'کازرون', 'کازرون', '0'),
(662, 17, 'کامفیروز', 'کامفیروز', '0'),
(663, 17, 'کره ای', 'کره-ای', '0'),
(664, 17, 'کنارتخته', 'کنارتخته', '0'),
(665, 17, 'کوار', 'کوار', '0'),
(666, 17, 'گراش', 'گراش', '0'),
(667, 17, 'گله دار', 'گله-دار', '0'),
(668, 17, 'لار', 'لار', '0'),
(669, 17, 'لامرد', 'لامرد', '0'),
(670, 17, 'لپویی', 'لپویی', '0'),
(671, 17, 'لطیفی', 'لطیفی', '0'),
(672, 17, 'مبارک آباددیز', 'مبارک-آباددیز', '0'),
(673, 17, 'مرودشت', 'مرودشت', '0'),
(674, 17, 'مشکان', 'مشکان', '0'),
(675, 17, 'مصیری', 'مصیری', '0'),
(676, 17, 'مهر', 'مهر', '0'),
(677, 17, 'میمند', 'میمند', '0'),
(678, 17, 'نوبندگان', 'نوبندگان', '0'),
(679, 17, 'نوجین', 'نوجین', '0'),
(680, 17, 'نودان', 'نودان', '0'),
(681, 17, 'نورآباد', 'فارس-نورآباد', '0'),
(682, 17, 'نی ریز', 'نی-ریز', '0'),
(683, 17, 'وراوی', 'وراوی', '0'),
(684, 18, 'ارداق', 'ارداق', '0'),
(685, 18, 'اسفرورین', 'اسفرورین', '0'),
(686, 18, 'اقبالیه', 'اقبالیه', '0'),
(687, 18, 'الوند', 'الوند', '0'),
(688, 18, 'آبگرم', 'آبگرم', '0'),
(689, 18, 'آبیک', 'آبیک', '0'),
(690, 18, 'آوج', 'آوج', '0'),
(691, 18, 'بوئین زهرا', 'بوئین-زهرا', '0'),
(692, 18, 'بیدستان', 'بیدستان', '0'),
(693, 18, 'تاکستان', 'تاکستان', '0'),
(694, 18, 'خاکعلی', 'خاکعلی', '0'),
(695, 18, 'خرمدشت', 'خرمدشت', '0'),
(696, 18, 'دانسفهان', 'دانسفهان', '0'),
(697, 18, 'رازمیان', 'رازمیان', '0'),
(698, 18, 'سگزآباد', 'سگزآباد', '0'),
(699, 18, 'سیردان', 'سیردان', '0'),
(700, 18, 'شال', 'شال', '0'),
(701, 18, 'شریفیه', 'شریفیه', '0'),
(702, 18, 'ضیاآباد', 'ضیاآباد', '0'),
(703, 18, 'قزوین', 'شهر-قزوین', '0'),
(704, 18, 'کوهین', 'کوهین', '0'),
(705, 18, 'محمدیه', 'محمدیه', '0'),
(706, 18, 'محمودآباد نمونه', 'محمودآباد-نمونه', '0'),
(707, 18, 'معلم کلایه', 'معلم-کلایه', '0'),
(708, 18, 'نرجه', 'نرجه', '0'),
(709, 19, 'جعفریه', 'جعفریه', '0'),
(710, 19, 'دستجرد', 'دستجرد', '0'),
(711, 19, 'سلفچگان', 'سلفچگان', '0'),
(712, 19, 'قم', 'شهر-قم', '0'),
(713, 19, 'قنوات', 'قنوات', '0'),
(714, 19, 'کهک', 'کهک', '0'),
(715, 20, 'آرمرده', 'آرمرده', '0'),
(716, 20, 'بابارشانی', 'بابارشانی', '0'),
(717, 20, 'بانه', 'بانه', '0'),
(718, 20, 'بلبان آباد', 'بلبان-آباد', '0'),
(719, 20, 'بوئین سفلی', 'بوئین-سفلی', '0'),
(720, 20, 'بیجار', 'بیجار', '0'),
(721, 20, 'چناره', 'چناره', '0'),
(722, 20, 'دزج', 'دزج', '0'),
(723, 20, 'دلبران', 'دلبران', '0'),
(724, 20, 'دهگلان', 'دهگلان', '0'),
(725, 20, 'دیواندره', 'دیواندره', '0'),
(726, 20, 'زرینه', 'زرینه', '0'),
(727, 20, 'سروآباد', 'سروآباد', '0'),
(728, 20, 'سریش آباد', 'سریش-آباد', '0'),
(729, 20, 'سقز', 'سقز', '0'),
(730, 20, 'سنندج', 'سنندج', '0'),
(731, 20, 'شویشه', 'شویشه', '0'),
(732, 20, 'صاحب', 'صاحب', '0'),
(733, 20, 'قروه', 'قروه', '0'),
(734, 20, 'کامیاران', 'کامیاران', '0'),
(735, 20, 'کانی دینار', 'کانی-دینار', '0'),
(736, 20, 'کانی سور', 'کانی-سور', '0'),
(737, 20, 'مریوان', 'مریوان', '0'),
(738, 20, 'موچش', 'موچش', '0'),
(739, 20, 'یاسوکند', 'یاسوکند', '0'),
(740, 21, 'اختیارآباد', 'اختیارآباد', '0'),
(741, 21, 'ارزوئیه', 'ارزوئیه', '0'),
(742, 21, 'امین شهر', 'امین-شهر', '0'),
(743, 21, 'انار', 'انار', '0'),
(744, 21, 'اندوهجرد', 'اندوهجرد', '0'),
(745, 21, 'باغین', 'باغین', '0'),
(746, 21, 'بافت', 'بافت', '0'),
(747, 21, 'بردسیر', 'بردسیر', '0'),
(748, 21, 'بروات', 'بروات', '0'),
(749, 21, 'بزنجان', 'بزنجان', '0'),
(750, 21, 'بم', 'بم', '0'),
(751, 21, 'بهرمان', 'بهرمان', '0'),
(752, 21, 'پاریز', 'پاریز', '0'),
(753, 21, 'جبالبارز', 'جبالبارز', '0'),
(754, 21, 'جوپار', 'جوپار', '0'),
(755, 21, 'جوزم', 'جوزم', '0'),
(756, 21, 'جیرفت', 'جیرفت', '0'),
(757, 21, 'چترود', 'چترود', '0'),
(758, 21, 'خاتون آباد', 'خاتون-آباد', '0'),
(759, 21, 'خانوک', 'خانوک', '0'),
(760, 21, 'خورسند', 'خورسند', '0'),
(761, 21, 'درب بهشت', 'درب-بهشت', '0'),
(762, 21, 'دهج', 'دهج', '0'),
(763, 21, 'رابر', 'رابر', '0'),
(764, 21, 'راور', 'راور', '0'),
(765, 21, 'راین', 'راین', '0'),
(766, 21, 'رفسنجان', 'رفسنجان', '0'),
(767, 21, 'رودبار', 'کرمان-رودبار', '0'),
(768, 21, 'ریحان شهر', 'ریحان-شهر', '0'),
(769, 21, 'زرند', 'زرند', '0'),
(770, 21, 'زنگی آباد', 'زنگی-آباد', '0'),
(771, 21, 'زیدآباد', 'زیدآباد', '0'),
(772, 21, 'سیرجان', 'سیرجان', '0'),
(773, 21, 'شهداد', 'شهداد', '0'),
(774, 21, 'شهربابک', 'شهربابک', '0'),
(775, 21, 'صفائیه', 'صفائیه', '0'),
(776, 21, 'عنبرآباد', 'عنبرآباد', '0'),
(777, 21, 'فاریاب', 'فاریاب', '0'),
(778, 21, 'فهرج', 'فهرج', '0'),
(779, 21, 'قلعه گنج', 'قلعه-گنج', '0'),
(780, 21, 'کاظم آباد', 'کاظم-آباد', '0'),
(781, 21, 'کرمان', 'شهر-کرمان', '0'),
(782, 21, 'کشکوئیه', 'کشکوئیه', '0'),
(783, 21, 'کهنوج', 'کهنوج', '0'),
(784, 21, 'کوهبنان', 'کوهبنان', '0'),
(785, 21, 'کیانشهر', 'کیانشهر', '0'),
(786, 21, 'گلباف', 'گلباف', '0'),
(787, 21, 'گلزار', 'گلزار', '0'),
(788, 21, 'لاله زار', 'لاله-زار', '0'),
(789, 21, 'ماهان', 'ماهان', '0'),
(790, 21, 'محمدآباد', 'کرمان-محمدآباد', '0'),
(791, 21, 'محی آباد', 'محی-آباد', '0'),
(792, 21, 'مردهک', 'مردهک', '0'),
(793, 21, 'مس سرچشمه', 'مس-سرچشمه', '0'),
(794, 21, 'منوجان', 'منوجان', '0'),
(795, 21, 'نجف شهر', 'نجف-شهر', '0'),
(796, 21, 'نرماشیر', 'نرماشیر', '0'),
(797, 21, 'نظام شهر', 'نظام-شهر', '0'),
(798, 21, 'نگار', 'نگار', '0'),
(799, 21, 'نودژ', 'نودژ', '0'),
(800, 21, 'هجدک', 'هجدک', '0'),
(801, 21, 'یزدان شهر', 'یزدان-شهر', '0'),
(802, 22, 'ازگله', 'ازگله', '0'),
(803, 22, 'اسلام آباد غرب', 'اسلام-آباد-غرب', '0'),
(804, 22, 'باینگان', 'باینگان', '0'),
(805, 22, 'بیستون', 'بیستون', '0'),
(806, 22, 'پاوه', 'پاوه', '0'),
(807, 22, 'تازه آباد', 'تازه-آباد', '0'),
(808, 22, 'جوان رود', 'جوان-رود', '0'),
(809, 22, 'حمیل', 'حمیل', '0'),
(810, 22, 'ماهیدشت', 'ماهیدشت', '0'),
(811, 22, 'روانسر', 'روانسر', '0'),
(812, 22, 'سرپل ذهاب', 'سرپل-ذهاب', '0'),
(813, 22, 'سرمست', 'سرمست', '0'),
(814, 22, 'سطر', 'سطر', '0'),
(815, 22, 'سنقر', 'سنقر', '0'),
(816, 22, 'سومار', 'سومار', '0'),
(817, 22, 'شاهو', 'شاهو', '0'),
(818, 22, 'صحنه', 'صحنه', '0'),
(819, 22, 'قصرشیرین', 'قصرشیرین', '0'),
(820, 22, 'کرمانشاه', 'شهر-کرمانشاه', '0'),
(821, 22, 'کرندغرب', 'کرندغرب', '0'),
(822, 22, 'کنگاور', 'کنگاور', '0'),
(823, 22, 'کوزران', 'کوزران', '0'),
(824, 22, 'گهواره', 'گهواره', '0'),
(825, 22, 'گیلانغرب', 'گیلانغرب', '0'),
(826, 22, 'میان راهان', 'میان-راهان', '0'),
(827, 22, 'نودشه', 'نودشه', '0'),
(828, 22, 'نوسود', 'نوسود', '0'),
(829, 22, 'هرسین', 'هرسین', '0'),
(830, 22, 'هلشی', 'هلشی', '0'),
(831, 23, 'باشت', 'باشت', '0'),
(832, 23, 'پاتاوه', 'پاتاوه', '0'),
(833, 23, 'چرام', 'چرام', '0'),
(834, 23, 'چیتاب', 'چیتاب', '0'),
(835, 23, 'دهدشت', 'دهدشت', '0'),
(836, 23, 'دوگنبدان', 'دوگنبدان', '0'),
(837, 23, 'دیشموک', 'دیشموک', '0'),
(838, 23, 'سوق', 'سوق', '0'),
(839, 23, 'سی سخت', 'سی-سخت', '0'),
(840, 23, 'قلعه رئیسی', 'قلعه-رئیسی', '0'),
(841, 23, 'گراب سفلی', 'گراب-سفلی', '0'),
(842, 23, 'لنده', 'لنده', '0'),
(843, 23, 'لیکک', 'لیکک', '0'),
(844, 23, 'مادوان', 'مادوان', '0'),
(845, 23, 'مارگون', 'مارگون', '0'),
(846, 23, 'یاسوج', 'یاسوج', '0'),
(847, 24, 'انبارآلوم', 'انبارآلوم', '0'),
(848, 24, 'اینچه برون', 'اینچه-برون', '0'),
(849, 24, 'آزادشهر', 'آزادشهر', '0'),
(850, 24, 'آق قلا', 'آق-قلا', '0'),
(851, 24, 'بندرترکمن', 'بندرترکمن', '0'),
(852, 24, 'بندرگز', 'بندرگز', '0'),
(853, 24, 'جلین', 'جلین', '0'),
(854, 24, 'خان ببین', 'خان-ببین', '0'),
(855, 24, 'دلند', 'دلند', '0'),
(856, 24, 'رامیان', 'رامیان', '0'),
(857, 24, 'سرخنکلاته', 'سرخنکلاته', '0'),
(858, 24, 'سیمین شهر', 'سیمین-شهر', '0'),
(859, 24, 'علی آباد کتول', 'علی-آباد-کتول', '0'),
(860, 24, 'فاضل آباد', 'فاضل-آباد', '0'),
(861, 24, 'کردکوی', 'کردکوی', '0'),
(862, 24, 'کلاله', 'کلاله', '0'),
(863, 24, 'گالیکش', 'گالیکش', '0'),
(864, 24, 'گرگان', 'گرگان', '0'),
(865, 24, 'گمیش تپه', 'گمیش-تپه', '0'),
(866, 24, 'گنبدکاووس', 'گنبدکاووس', '0'),
(867, 24, 'مراوه', 'مراوه', '0'),
(868, 24, 'مینودشت', 'مینودشت', '0'),
(869, 24, 'نگین شهر', 'نگین-شهر', '0'),
(870, 24, 'نوده خاندوز', 'نوده-خاندوز', '0'),
(871, 24, 'نوکنده', 'نوکنده', '0'),
(872, 25, 'ازنا', 'ازنا', '0'),
(873, 25, 'اشترینان', 'اشترینان', '0'),
(874, 25, 'الشتر', 'الشتر', '0'),
(875, 25, 'الیگودرز', 'الیگودرز', '0'),
(876, 25, 'بروجرد', 'بروجرد', '0'),
(877, 25, 'پلدختر', 'پلدختر', '0'),
(878, 25, 'چالانچولان', 'چالانچولان', '0'),
(879, 25, 'چغلوندی', 'چغلوندی', '0'),
(880, 25, 'چقابل', 'چقابل', '0'),
(881, 25, 'خرم آباد', 'لرستان-خرم-آباد', '0'),
(882, 25, 'درب گنبد', 'درب-گنبد', '0'),
(883, 25, 'دورود', 'دورود', '0'),
(884, 25, 'زاغه', 'زاغه', '0'),
(885, 25, 'سپیددشت', 'سپیددشت', '0'),
(886, 25, 'سراب دوره', 'سراب-دوره', '0'),
(887, 25, 'فیروزآباد', 'لرستان-فیروزآباد', '0'),
(888, 25, 'کونانی', 'کونانی', '0'),
(889, 25, 'کوهدشت', 'کوهدشت', '0'),
(890, 25, 'گراب', 'گراب', '0'),
(891, 25, 'معمولان', 'معمولان', '0'),
(892, 25, 'مومن آباد', 'مومن-آباد', '0'),
(893, 25, 'نورآباد', 'لرستان-نورآباد', '0'),
(894, 25, 'ویسیان', 'ویسیان', '0'),
(895, 26, 'احمدسرگوراب', 'احمدسرگوراب', '0'),
(896, 26, 'اسالم', 'اسالم', '0'),
(897, 26, 'اطاقور', 'اطاقور', '0'),
(898, 26, 'املش', 'املش', '0'),
(899, 26, 'آستارا', 'آستارا', '0'),
(900, 26, 'آستانه اشرفیه', 'آستانه-اشرفیه', '0'),
(901, 26, 'بازار جمعه', 'بازار-جمعه', '0'),
(902, 26, 'بره سر', 'بره-سر', '0'),
(903, 26, 'بندرانزلی', 'بندرانزلی', '0'),
(906, 26, 'پره سر', 'پره-سر', '0'),
(907, 26, 'تالش', 'تالش', '0'),
(908, 26, 'توتکابن', 'توتکابن', '0'),
(909, 26, 'جیرنده', 'جیرنده', '0'),
(910, 26, 'چابکسر', 'چابکسر', '0'),
(911, 26, 'چاف و چمخاله', 'چاف-و-چمخاله', '0'),
(912, 26, 'چوبر', 'چوبر', '0'),
(913, 26, 'حویق', 'حویق', '0'),
(914, 26, 'خشکبیجار', 'خشکبیجار', '0'),
(915, 26, 'خمام', 'خمام', '0'),
(916, 26, 'دیلمان', 'دیلمان', '0'),
(917, 26, 'رانکوه', 'رانکوه', '0'),
(918, 26, 'رحیم آباد', 'رحیم-آباد', '0'),
(919, 26, 'رستم آباد', 'رستم-آباد', '0'),
(920, 26, 'رشت', 'رشت', '0'),
(921, 26, 'رضوانشهر', 'گیلان-رضوانشهر', '0'),
(922, 26, 'رودبار', 'گیلان-رودبار', '0'),
(923, 26, 'رودبنه', 'رودبنه', '0'),
(924, 26, 'رودسر', 'رودسر', '0'),
(925, 26, 'سنگر', 'سنگر', '0'),
(926, 26, 'سیاهکل', 'سیاهکل', '0'),
(927, 26, 'شفت', 'شفت', '0'),
(928, 26, 'شلمان', 'شلمان', '0'),
(929, 26, 'صومعه سرا', 'صومعه-سرا', '0'),
(930, 26, 'فومن', 'فومن', '0'),
(931, 26, 'کلاچای', 'کلاچای', '0'),
(932, 26, 'کوچصفهان', 'کوچصفهان', '0'),
(933, 26, 'کومله', 'کومله', '0'),
(934, 26, 'کیاشهر', 'کیاشهر', '0'),
(935, 26, 'گوراب زرمیخ', 'گوراب-زرمیخ', '0'),
(936, 26, 'لاهیجان', 'لاهیجان', '0'),
(937, 26, 'لشت نشا', 'لشت-نشا', '0'),
(938, 26, 'لنگرود', 'لنگرود', '0'),
(939, 26, 'لوشان', 'لوشان', '0'),
(940, 26, 'لولمان', 'لولمان', '0'),
(941, 26, 'لوندویل', 'لوندویل', '0'),
(942, 26, 'لیسار', 'لیسار', '0'),
(943, 26, 'ماسال', 'ماسال', '0'),
(944, 26, 'ماسوله', 'ماسوله', '0'),
(945, 26, 'مرجقل', 'مرجقل', '0'),
(946, 26, 'منجیل', 'منجیل', '0'),
(947, 26, 'واجارگاه', 'واجارگاه', '0'),
(948, 27, 'امیرکلا', 'امیرکلا', '0'),
(949, 27, 'ایزدشهر', 'ایزدشهر', '0'),
(950, 27, 'آلاشت', 'آلاشت', '0'),
(951, 27, 'آمل', 'آمل', '0'),
(952, 27, 'بابل', 'بابل', '0'),
(953, 27, 'بابلسر', 'بابلسر', '0'),
(954, 27, 'بالاده', 'مازندران-بالاده', '0'),
(955, 27, 'بهشهر', 'بهشهر', '0'),
(956, 27, 'بهنمیر', 'بهنمیر', '0'),
(957, 27, 'پل سفید', 'پل-سفید', '0'),
(958, 27, 'تنکابن', 'تنکابن', '0'),
(959, 27, 'جویبار', 'جویبار', '0'),
(960, 27, 'چالوس', 'چالوس', '0'),
(961, 27, 'چمستان', 'چمستان', '0'),
(962, 27, 'خرم آباد', 'مازندران-خرم-آباد', '0'),
(963, 27, 'خلیل شهر', 'خلیل-شهر', '0'),
(964, 27, 'خوش رودپی', 'خوش-رودپی', '0'),
(965, 27, 'دابودشت', 'دابودشت', '0'),
(966, 27, 'رامسر', 'رامسر', '0'),
(967, 27, 'رستمکلا', 'رستمکلا', '0'),
(968, 27, 'رویان', 'رویان', '0'),
(969, 27, 'رینه', 'رینه', '0'),
(970, 27, 'زرگرمحله', 'زرگرمحله', '0'),
(971, 27, 'زیرآب', 'زیرآب', '0'),
(972, 27, 'ساری', 'ساری', '0'),
(973, 27, 'سرخرود', 'سرخرود', '0'),
(974, 27, 'سلمان شهر', 'سلمان-شهر', '0'),
(975, 27, 'سورک', 'سورک', '0'),
(976, 27, 'شیرگاه', 'شیرگاه', '0'),
(977, 27, 'شیرود', 'شیرود', '0'),
(978, 27, 'عباس آباد', 'عباس-آباد', '0'),
(979, 27, 'فریدونکنار', 'فریدونکنار', '0'),
(980, 27, 'فریم', 'فریم', '0'),
(981, 27, 'قائم شهر', 'قائم-شهر', '0'),
(982, 27, 'کتالم', 'کتالم', '0'),
(983, 27, 'کلارآباد', 'کلارآباد', '0'),
(984, 27, 'کلاردشت', 'کلاردشت', '0'),
(985, 27, 'کله بست', 'کله-بست', '0'),
(986, 27, 'کوهی خیل', 'کوهی-خیل', '0'),
(987, 27, 'کیاسر', 'کیاسر', '0'),
(988, 27, 'کیاکلا', 'کیاکلا', '0'),
(989, 27, 'گتاب', 'گتاب', '0'),
(990, 27, 'گزنک', 'گزنک', '0'),
(991, 27, 'گلوگاه', 'گلوگاه', '0'),
(992, 27, 'محمودآباد', 'مازندران-محمودآباد', '0'),
(993, 27, 'مرزن آباد', 'مرزن-آباد', '0'),
(994, 27, 'مرزیکلا', 'مرزیکلا', '0'),
(995, 27, 'نشتارود', 'نشتارود', '0'),
(996, 27, 'نکا', 'نکا', '0'),
(997, 27, 'نور', 'نور', '0'),
(998, 27, 'نوشهر', 'نوشهر', '0'),
(999, 28, 'اراک', 'اراک', '0'),
(1000, 28, 'آستانه', 'آستانه', '0'),
(1001, 28, 'آشتیان', 'آشتیان', '0'),
(1002, 28, 'پرندک', 'پرندک', '0'),
(1003, 28, 'تفرش', 'تفرش', '0'),
(1004, 28, 'توره', 'توره', '0'),
(1005, 28, 'جاورسیان', 'جاورسیان', '0'),
(1006, 28, 'خشکرود', 'خشکرود', '0'),
(1007, 28, 'خمین', 'خمین', '0'),
(1008, 28, 'خنداب', 'خنداب', '0'),
(1009, 28, 'داودآباد', 'داودآباد', '0'),
(1010, 28, 'دلیجان', 'دلیجان', '0'),
(1011, 28, 'رازقان', 'رازقان', '0'),
(1012, 28, 'زاویه', 'زاویه', '0'),
(1013, 28, 'ساروق', 'ساروق', '0'),
(1014, 28, 'ساوه', 'ساوه', '0'),
(1015, 28, 'سنجان', 'سنجان', '0'),
(1016, 28, 'شازند', 'شازند', '0'),
(1017, 28, 'غرق آباد', 'غرق-آباد', '0'),
(1018, 28, 'فرمهین', 'فرمهین', '0'),
(1019, 28, 'قورچی باشی', 'قورچی-باشی', '0'),
(1020, 28, 'کرهرود', 'کرهرود', '0'),
(1021, 28, 'کمیجان', 'کمیجان', '0'),
(1022, 28, 'مامونیه', 'مامونیه', '0'),
(1023, 28, 'محلات', 'محلات', '0'),
(1024, 28, 'مهاجران', 'مهاجران', '0'),
(1025, 28, 'میلاجرد', 'میلاجرد', '0'),
(1026, 28, 'نراق', 'نراق', '0'),
(1027, 28, 'نوبران', 'نوبران', '0'),
(1028, 28, 'نیمور', 'نیمور', '0'),
(1029, 28, 'هندودر', 'هندودر', '0'),
(1030, 29, 'ابوموسی', 'ابوموسی', '0'),
(1031, 29, 'بستک', 'بستک', '0'),
(1032, 29, 'بندرجاسک', 'بندرجاسک', '0'),
(1033, 29, 'بندرچارک', 'بندرچارک', '0'),
(1034, 29, 'بندرخمیر', 'بندرخمیر', '0'),
(1035, 29, 'بندرعباس', 'بندرعباس', '0'),
(1036, 29, 'بندرلنگه', 'بندرلنگه', '0'),
(1037, 29, 'بیکا', 'بیکا', '0'),
(1038, 29, 'پارسیان', 'پارسیان', '0'),
(1039, 29, 'تخت', 'تخت', '0'),
(1040, 29, 'جناح', 'جناح', '0'),
(1041, 29, 'حاجی آباد', 'هرمزگان-حاجی-آباد', '0'),
(1042, 29, 'درگهان', 'درگهان', '0'),
(1043, 29, 'دهبارز', 'دهبارز', '0'),
(1044, 29, 'رویدر', 'رویدر', '0'),
(1045, 29, 'زیارتعلی', 'زیارتعلی', '0'),
(1046, 29, 'سردشت', 'هرمزگان-سردشت', '0'),
(1047, 29, 'سندرک', 'سندرک', '0'),
(1048, 29, 'سوزا', 'سوزا', '0'),
(1049, 29, 'سیریک', 'سیریک', '0'),
(1050, 29, 'فارغان', 'فارغان', '0'),
(1051, 29, 'فین', 'فین', '0'),
(1052, 29, 'قشم', 'قشم', '0'),
(1053, 29, 'قلعه قاضی', 'قلعه-قاضی', '0'),
(1054, 29, 'کنگ', 'کنگ', '0'),
(1055, 29, 'کوشکنار', 'کوشکنار', '0'),
(1056, 29, 'کیش', 'کیش', '0'),
(1057, 29, 'گوهران', 'گوهران', '0'),
(1058, 29, 'میناب', 'میناب', '0'),
(1059, 29, 'هرمز', 'هرمز', '0'),
(1060, 29, 'هشتبندی', 'هشتبندی', '0'),
(1061, 30, 'ازندریان', 'ازندریان', '0'),
(1062, 30, 'اسدآباد', 'اسدآباد', '0'),
(1063, 30, 'برزول', 'برزول', '0'),
(1064, 30, 'بهار', 'بهار', '0'),
(1065, 30, 'تویسرکان', 'تویسرکان', '0'),
(1066, 30, 'جورقان', 'جورقان', '0'),
(1067, 30, 'جوکار', 'جوکار', '0'),
(1068, 30, 'دمق', 'دمق', '0'),
(1069, 30, 'رزن', 'رزن', '0'),
(1070, 30, 'زنگنه', 'زنگنه', '0'),
(1071, 30, 'سامن', 'سامن', '0'),
(1072, 30, 'سرکان', 'سرکان', '0'),
(1073, 30, 'شیرین سو', 'شیرین-سو', '0'),
(1074, 30, 'صالح آباد', 'همدان-صالح-آباد', '0'),
(1075, 30, 'فامنین', 'فامنین', '0'),
(1076, 30, 'فرسفج', 'فرسفج', '0'),
(1077, 30, 'فیروزان', 'فیروزان', '0'),
(1078, 30, 'قروه درجزین', 'قروه-درجزین', '0'),
(1079, 30, 'قهاوند', 'قهاوند', '0'),
(1080, 30, 'کبودر آهنگ', 'کبودر-آهنگ', '0'),
(1081, 30, 'گل تپه', 'گل-تپه', '0'),
(1082, 30, 'گیان', 'گیان', '0'),
(1083, 30, 'لالجین', 'لالجین', '0'),
(1084, 30, 'مریانج', 'مریانج', '0'),
(1085, 30, 'ملایر', 'ملایر', '0'),
(1086, 30, 'نهاوند', 'نهاوند', '0'),
(1087, 30, 'همدان', 'شهر-همدان', '0'),
(1088, 31, 'ابرکوه', 'ابرکوه', '0'),
(1089, 31, 'احمدآباد', 'احمدآباد', '0'),
(1090, 31, 'اردکان', 'یزد-اردکان', '0'),
(1091, 31, 'اشکذر', 'اشکذر', '0'),
(1092, 31, 'بافق', 'بافق', '0'),
(1093, 31, 'بفروئیه', 'بفروئیه', '0'),
(1094, 31, 'بهاباد', 'بهاباد', '0'),
(1095, 31, 'تفت', 'تفت', '0'),
(1096, 31, 'حمیدیا', 'حمیدیا', '0'),
(1097, 31, 'خضرآباد', 'خضرآباد', '0'),
(1098, 31, 'دیهوک', 'دیهوک', '0'),
(1099, 31, 'زارچ', 'زارچ', '0'),
(1100, 31, 'شاهدیه', 'شاهدیه', '0'),
(1101, 31, 'طبس', 'یزد-طبس', '0'),
(1103, 31, 'عقدا', 'عقدا', '0'),
(1104, 31, 'مروست', 'مروست', '0'),
(1105, 31, 'مهردشت', 'مهردشت', '0'),
(1106, 31, 'مهریز', 'مهریز', '0'),
(1107, 31, 'میبد', 'میبد', '0'),
(1108, 31, 'ندوشن', 'ندوشن', '0'),
(1109, 31, 'نیر', 'یزد-نیر', '0'),
(1110, 31, 'هرات', 'هرات', '0'),
(1111, 31, 'یزد', 'شهر-یزد', '0'),
(1116, 8, 'پرند', 'پرند', '0'),
(1117, 5, 'فردیس', 'فردیس', '0'),
(1118, 5, 'مارلیک', 'مارلیک', '0'),
(1119, 27, 'سادات شهر', 'سادات-شهر', '0');

-- --------------------------------------------------------

--
-- Table structure for table `jss_companies`
--

DROP TABLE IF EXISTS `jss_companies`;
CREATE TABLE IF NOT EXISTS `jss_companies` (
  `id` int(255) NOT NULL AUTO_INCREMENT,
  `name` varchar(255) COLLATE utf8_persian_ci NOT NULL,
  `email` varchar(255) COLLATE utf8_persian_ci NOT NULL,
  `password` varchar(255) COLLATE utf8_persian_ci NOT NULL,
  `logo` varchar(255) COLLATE utf8_persian_ci NOT NULL,
  `introduce` text COLLATE utf8_persian_ci NOT NULL,
  `date_of_establishment` varchar(255) COLLATE utf8_persian_ci NOT NULL,
  `num_of_staff` varchar(255) COLLATE utf8_persian_ci NOT NULL,
  `site_address` varchar(255) COLLATE utf8_persian_ci NOT NULL,
  PRIMARY KEY (`id`)
) ENGINE=InnoDB AUTO_INCREMENT=5 DEFAULT CHARSET=utf8 COLLATE=utf8_persian_ci;

--
-- Dumping data for table `jss_companies`
--

INSERT INTO `jss_companies` (`id`, `name`, `email`, `password`, `logo`, `introduce`, `date_of_establishment`, `num_of_staff`, `site_address`) VALUES
(1, 'داده گستر مهر نوین', 'adfhkjahfa@gmail.com', '11111111', 'a-lab.png', 'ورم ایپسوم متن ساختگی با تولید سادگی نامفهوم از صنعت چاپ و با استفاده از طراحان گرافیک است. چاپگرها و متون بلکه روزنامه و مجله در ستون و سطرآنچنان که لازم است و برای شرایط فعلی تکنولوژی مورد نیاز و کاربردهای متنوع با هدف بهبود ابزارهای کاربردی می باشد. کتابهای زیادی در شصت و سه درصد گذشته، حال و آینده شناخت فراوان جامعه و متخصصان را می طلبد تا با نرم افزارها شناخت بیشتری را برای طراحان رایانه ای علی الخصوص طراحان خلاقی و فرهنگ پیشرو در زبان فارسی ایجاد کرد. در این صورت می توان امید داشت که تمام و دشواری موجود در ارائه راهکارها و شرایط سخت تایپ به پایان رسد وزمان مورد نیاز شامل حروفچینی دستاوردهای اصلی و جوابگوی سوالات پیوسته اهل دنیای موجود طراحی اساسا مورد استفاده قرار گیرد.', '1385', '30', 'www.yahoo.com'),
(2, 'عصر ارتباط میهن نام mihan', 'adfhkjahfa@gmail.com', '11111111', 'aven.png', 'ورم ایپسوم متن ساختگی با تولید سادگی نامفهوم از صنعت چاپ و با استفاده از طراحان گرافیک است. چاپگرها و متون بلکه روزنامه و مجله در ستون و سطرآنچنان که لازم است و برای شرایط فعلی تکنولوژی مورد نیاز و کاربردهای متنوع با هدف بهبود ابزارهای کاربردی می باشد. کتابهای زیادی در شصت و سه درصد گذشته، حال و آینده شناخت فراوان جامعه و متخصصان را می طلبد تا با نرم افزارها شناخت بیشتری را برای طراحان رایانه ای علی الخصوص طراحان خلاقی و فرهنگ پیشرو در زبان فارسی ایجاد کرد. در این صورت می توان امید داشت که تمام و دشواری موجود در ارائه راهکارها و شرایط سخت تایپ به پایان رسد وزمان مورد نیاز شامل حروفچینی دستاوردهای اصلی و جوابگوی سوالات پیوسته اهل دنیای موجود طراحی اساسا مورد استفاده قرار گیرد.', '1385', '30', 'www.yahoo.com'),
(3, 'داده گستر مهر', 'adfhkjahfa@gmail.com', '11111111', 'a-lab.png', 'ورم ایپسوم متن ساختگی با تولید سادگی نامفهوم از صنعت چاپ و با استفاده از طراحان گرافیک است. چاپگرها و متون بلکه روزنامه و مجله در ستون و سطرآنچنان که لازم است و برای شرایط فعلی تکنولوژی مورد نیاز و کاربردهای متنوع با هدف بهبود ابزارهای کاربردی می باشد. کتابهای زیادی در شصت و سه درصد گذشته، حال و آینده شناخت فراوان جامعه و متخصصان را می طلبد تا با نرم افزارها شناخت بیشتری را برای طراحان رایانه ای علی الخصوص طراحان خلاقی و فرهنگ پیشرو در زبان فارسی ایجاد کرد. در این صورت می توان امید داشت که تمام و دشواری موجود در ارائه راهکارها و شرایط سخت تایپ به پایان رسد وزمان مورد نیاز شامل حروفچینی دستاوردهای اصلی و جوابگوی سوالات پیوسته اهل دنیای موجود طراحی اساسا مورد استفاده قرار گیرد.', '1385', '30', 'www.yahoo.com'),
(4, 'عصر ارتباط میهن نام', 'adfhkjahfa@gmail.com', '11111111', 'aven.png', 'ورم ایپسوم متن ساختگی با تولید سادگی نامفهوم از صنعت چاپ و با استفاده از طراحان گرافیک است. چاپگرها و متون بلکه روزنامه و مجله در ستون و سطرآنچنان که لازم است و برای شرایط فعلی تکنولوژی مورد نیاز و کاربردهای متنوع با هدف بهبود ابزارهای کاربردی می باشد. کتابهای زیادی در شصت و سه درصد گذشته، حال و آینده شناخت فراوان جامعه و متخصصان را می طلبد تا با نرم افزارها شناخت بیشتری را برای طراحان رایانه ای علی الخصوص طراحان خلاقی و فرهنگ پیشرو در زبان فارسی ایجاد کرد. در این صورت می توان امید داشت که تمام و دشواری موجود در ارائه راهکارها و شرایط سخت تایپ به پایان رسد وزمان مورد نیاز شامل حروفچینی دستاوردهای اصلی و جوابگوی سوالات پیوسته اهل دنیای موجود طراحی اساسا مورد استفاده قرار گیرد.', '1385', '30', 'www.yahoo.com');

-- --------------------------------------------------------

--
-- Table structure for table `jss_contract`
--

DROP TABLE IF EXISTS `jss_contract`;
CREATE TABLE IF NOT EXISTS `jss_contract` (
  `id` int(255) NOT NULL AUTO_INCREMENT,
  `contract_type` varchar(50) COLLATE utf8_persian_ci NOT NULL,
  PRIMARY KEY (`id`)
) ENGINE=InnoDB AUTO_INCREMENT=6 DEFAULT CHARSET=utf8 COLLATE=utf8_persian_ci;

--
-- Dumping data for table `jss_contract`
--

INSERT INTO `jss_contract` (`id`, `contract_type`) VALUES
(1, 'تمام وقت'),
(2, 'پاره وقت'),
(3, 'دورکاری'),
(4, 'پروژه ای'),
(5, 'کارآموزی');

-- --------------------------------------------------------

--
-- Table structure for table `jss_degree_of_education`
--

DROP TABLE IF EXISTS `jss_degree_of_education`;
CREATE TABLE IF NOT EXISTS `jss_degree_of_education` (
  `id` int(255) NOT NULL AUTO_INCREMENT,
  `title` varchar(50) COLLATE utf8_persian_ci NOT NULL,
  PRIMARY KEY (`id`)
) ENGINE=InnoDB AUTO_INCREMENT=7 DEFAULT CHARSET=utf8 COLLATE=utf8_persian_ci;

--
-- Dumping data for table `jss_degree_of_education`
--

INSERT INTO `jss_degree_of_education` (`id`, `title`) VALUES
(1, 'مهم نیست'),
(2, 'دیپلم'),
(3, 'فوق دیپلم'),
(4, 'لیسانس'),
(5, 'فوق لیسانس'),
(6, 'دکتری');

-- --------------------------------------------------------

--
-- Table structure for table `jss_employees`
--

DROP TABLE IF EXISTS `jss_employees`;
CREATE TABLE IF NOT EXISTS `jss_employees` (
  `id` int(255) NOT NULL AUTO_INCREMENT,
  `user_name` varchar(255) COLLATE utf8_persian_ci NOT NULL,
  `email` varchar(255) COLLATE utf8_persian_ci NOT NULL,
  `password` varchar(255) COLLATE utf8_persian_ci NOT NULL,
  `token` varchar(255) COLLATE utf8_persian_ci DEFAULT NULL,
  `created_at` timestamp NOT NULL DEFAULT CURRENT_TIMESTAMP,
  PRIMARY KEY (`id`)
) ENGINE=InnoDB AUTO_INCREMENT=6 DEFAULT CHARSET=utf8 COLLATE=utf8_persian_ci;

--
-- Dumping data for table `jss_employees`
--

INSERT INTO `jss_employees` (`id`, `user_name`, `email`, `password`, `token`, `created_at`) VALUES
(1, 'ali', 'ali@gmail.com', '$2y$10$hpeHASn5zxLROk3tylbchO08.70nvxvFHrSKV6g3Hxz...', NULL, '2021-10-11 09:20:18'),
(2, 'reza', 'alifafkajhdfjkahd', 'asdfasfas', NULL, '2021-10-11 09:20:18'),
(3, 'ljsdflsgh', 'sdfsdfs@jsdjfksjdf.com', '11111111', NULL, '2021-11-10 09:58:51'),
(4, 'ali-farahani', 'alifarahani533@gmail.com', '11111111', NULL, '2021-11-10 09:59:55'),
(5, 'alio', 'alio@gmail.com', '$2y$10$hpeHASn5zxLROk3tylbchO08.70nvxvFHrSKV6g3HxzrfDjQr6P4m', NULL, '2021-11-10 22:04:22');

-- --------------------------------------------------------

--
-- Table structure for table `jss_grade`
--

DROP TABLE IF EXISTS `jss_grade`;
CREATE TABLE IF NOT EXISTS `jss_grade` (
  `id` int(255) NOT NULL AUTO_INCREMENT,
  `title` varchar(255) COLLATE utf8_persian_ci NOT NULL,
  PRIMARY KEY (`id`)
) ENGINE=InnoDB AUTO_INCREMENT=6 DEFAULT CHARSET=utf8 COLLATE=utf8_persian_ci;

--
-- Dumping data for table `jss_grade`
--

INSERT INTO `jss_grade` (`id`, `title`) VALUES
(1, 'دبیرستان'),
(2, 'کاردانی'),
(3, 'کارشناسی'),
(4, 'کارشناسی ارشد'),
(5, 'دکترا');

-- --------------------------------------------------------

--
-- Table structure for table `jss_jobs`
--

DROP TABLE IF EXISTS `jss_jobs`;
CREATE TABLE IF NOT EXISTS `jss_jobs` (
  `id` int(255) NOT NULL AUTO_INCREMENT,
  `title` varchar(255) COLLATE utf8_persian_ci NOT NULL,
  `fk_province_id` int(10) UNSIGNED NOT NULL,
  `fk_city_id` int(10) UNSIGNED NOT NULL,
  `job_descriptions` text COLLATE utf8_persian_ci NOT NULL,
  `company_intro` text COLLATE utf8_persian_ci NOT NULL,
  `fk_salary_id` int(10) NOT NULL,
  `workforce_num` varchar(50) COLLATE utf8_persian_ci NOT NULL,
  `fk_work_experience_id` int(11) NOT NULL,
  `military_status` enum('پایان خدمت','مهم نیست') COLLATE utf8_persian_ci NOT NULL,
  `fk_degree_of_education_id` int(10) NOT NULL,
  `gender` enum('آقا','خانم','مهم نیست') COLLATE utf8_persian_ci NOT NULL,
  `fk_age_range_id` int(50) NOT NULL,
  `fk_company_id` int(255) NOT NULL,
  `fk_contract_id` int(10) NOT NULL,
  `needed_skills` blob,
  `img_banner` varchar(255) COLLATE utf8_persian_ci NOT NULL,
  `fk_category_id` int(255) NOT NULL,
  `created_at` timestamp NOT NULL DEFAULT CURRENT_TIMESTAMP,
  `expire_date` timestamp NOT NULL,
  PRIMARY KEY (`id`),
  KEY `jss_jobs_ibfk_1` (`fk_category_id`),
  KEY `jss_jobs_ibfk_2` (`fk_company_id`),
  KEY `jss_jobs_ibfk_3` (`fk_province_id`),
  KEY `fk_city_id` (`fk_city_id`),
  KEY `fk_contract_id` (`fk_contract_id`),
  KEY `fk_salary_id` (`fk_salary_id`),
  KEY `fk_work_experience_id` (`fk_work_experience_id`),
  KEY `fk_age_range_id` (`fk_age_range_id`),
  KEY `fk_degree_of_education_id` (`fk_degree_of_education_id`)
) ENGINE=InnoDB AUTO_INCREMENT=38 DEFAULT CHARSET=utf8 COLLATE=utf8_persian_ci;

--
-- Dumping data for table `jss_jobs`
--

INSERT INTO `jss_jobs` (`id`, `title`, `fk_province_id`, `fk_city_id`, `job_descriptions`, `company_intro`, `fk_salary_id`, `workforce_num`, `fk_work_experience_id`, `military_status`, `fk_degree_of_education_id`, `gender`, `fk_age_range_id`, `fk_company_id`, `fk_contract_id`, `needed_skills`, `img_banner`, `fk_category_id`, `created_at`, `expire_date`) VALUES
(2, 'برنامه نویس فول استک وب', 1, 2, 'مهارت های فنی : \r\nداشتن تحصیلات مرتبط(مهندسی نرم افزار، مهندسی صنایع گرایش تحلیل سیستم ها)\r\nتسلط به نرم افزار های word و Excel\r\nآشنا با پایگاه داده MS SQL Server\r\nآشنایی با شیرپوینت مزیت محسوب می گردد\r\n\r\nمهارت های فردی : \r\nنظم در انجام امور\r\nروابط عمومی بالا\r\nانگیزه بالا برای یادگیری \r\nتوانایی جستجو به زبان انگلیسی\r\nدارای روحیه بالا و صبر و حوصله جهت پیگیری موارد اعلامی و پاسخگویی به کاربران\r\n\r\nشرایط و ساعات کاری:\r\n شنبه تا چهارشنبه ساعت 08:30 تا 17:30\r\n\r\nمزایا : \r\nامکان یادگیری در تیمی پویا\r\nحقوق منظم\r\nبیمه از روز اول شروع کار انجام خواهد شد.', 'پینتو ادز (pinto Ads) شالوده دانش و همسانی تیمی زبده در حوزه دیجیتال مارکتینگ و توسه وب و اپلیکیشن موبایل است، که تجربه چندین ساله در بستر کسب و کارهای آنلاین ایران را به همراه خود دارد. در پینتو خلاقیت بر محور کار تیمی همیشه جریان دارد. پینتوها از هر چالشی برای ساخت یک فرصت تلاش می‌کنند تا رویاهای خود و مشتریان را به واقعیت نزدیک و نزدیک‌تر کنند.', 2, '7', 3, 'پایان خدمت', 3, 'آقا', 1, 1, 1, 0x613a383a7b693a303b733a333a22706870223b693a313b733a383a2268746d6c26637373223b693a323b733a31303a226a617661736372697074223b693a333b733a333a226d7663223b693a343b733a323a226323223b693a353b733a353a227675656a73223b693a363b733a343a2276756578223b693a373b733a373a226c61726176656c223b7d, 'lsl.jpg', 1, '2021-11-06 18:37:21', '2021-12-08 15:32:00'),
(3, 'کارمند بانک', 27, 2, 'fvfgfgf', '', 1, '7', 6, 'مهم نیست', 2, 'خانم', 2, 1, 2, 0x613a383a7b693a303b733a333a22706870223b693a313b733a383a2268746d6c26637373223b693a323b733a31303a226a617661736372697074223b693a333b733a333a226d7663223b693a343b733a323a226323223b693a353b733a353a227675656a73223b693a363b733a343a2276756578223b693a373b733a373a226c61726176656c223b7d, 'lsl.jpg', 11, '2021-11-05 20:30:00', '2021-12-08 15:32:00'),
(4, 'برنامه نویس اندروید', 28, 2, 'ورم ایپسوم متن ساختگی با تولید سادگی نامفهوم از صنعت چاپ و با استفاده از طراحان گرافیک است. چاپگرها و متون بلکه روزنامه و مجله در ستون و سطرآنچنان که لازم است و برای شرایط فعلی تکنولوژی مورد نیاز و کاربردهای متنوع با هدف بهبود ابزارهای کاربردی می باشد. کتابهای زیادی در شصت و سه درصد گذشته، حال و آینده شناخت فراوان جامعه و متخصصان را می طلبد تا با نرم افزارها شناخت بیشتری را برای طراحان رایانه ای علی الخصوص طراحان خلاقی و فرهنگ پیشرو در زبان فارسی ایجاد کرد. در این صورت می توان امید داشت که تمام و دشواری موجود در ارائه راهکارها و شرایط سخت تایپ به پایان رسد وزمان مورد نیاز شامل حروفچینی دستاوردهای اصلی و جوابگوی سوالات پیوسته اهل دنیای موجود طراحی اساسا مورد استفاده قرار گیرد.', '', 2, '7', 3, 'مهم نیست', 3, 'آقا', 4, 2, 3, 0x613a383a7b693a303b733a333a22706870223b693a313b733a383a2268746d6c26637373223b693a323b733a31303a226a617661736372697074223b693a333b733a333a226d7663223b693a343b733a323a226323223b693a353b733a353a227675656a73223b693a363b733a343a2276756578223b693a373b733a373a226c61726176656c223b7d, 'lsl.jpg', 1, '2021-11-06 20:29:03', '2021-12-08 15:32:00'),
(5, 'کارشناس بازاریابی ', 18, 2, 'ورم ایپسوم متن ساختگی با تولید سادگی نامفهوم از صنعت چاپ و با استفاده از طراحان گرافیک است. چاپگرها و متون بلکه روزنامه و مجله در ستون و سطرآنچنان که لازم است و برای شرایط فعلی تکنولوژی مورد نیاز و کاربردهای متنوع با هدف بهبود ابزارهای کاربردی می باشد. کتابهای زیادی در شصت و سه درصد گذشته، حال و آینده شناخت فراوان جامعه و متخصصان را می طلبد تا با نرم افزارها شناخت بیشتری را برای طراحان رایانه ای علی الخصوص طراحان خلاقی و فرهنگ پیشرو در زبان فارسی ایجاد کرد. در این صورت می توان امید داشت که تمام و دشواری موجود در ارائه راهکارها و شرایط سخت تایپ به پایان رسد وزمان مورد نیاز شامل حروفچینی دستاوردهای اصلی و جوابگوی سوالات پیوسته اهل دنیای موجود طراحی اساسا مورد استفاده قرار گیرد.', '', 4, '7', 6, 'مهم نیست', 1, 'خانم', 3, 1, 2, 0x613a383a7b693a303b733a333a22706870223b693a313b733a383a2268746d6c26637373223b693a323b733a31303a226a617661736372697074223b693a333b733a333a226d7663223b693a343b733a323a226323223b693a353b733a353a227675656a73223b693a363b733a343a2276756578223b693a373b733a373a226c61726176656c223b7d, 'lsl.jpg', 26, '2021-11-06 20:29:12', '2021-12-08 15:32:00'),
(6, 'کارشناس بازاریابی', 1, 2, 'ورم ایپسوم متن ساختگی با تولید سادگی نامفهوم از صنعت چاپ و با استفاده از طراحان گرافیک است. چاپگرها و متون بلکه روزنامه و مجله در ستون و سطرآنچنان که لازم است و برای شرایط فعلی تکنولوژی مورد نیاز و کاربردهای متنوع با هدف بهبود ابزارهای کاربردی می باشد. کتابهای زیادی در شصت و سه درصد گذشته، حال و آینده شناخت فراوان جامعه و متخصصان را می طلبد تا با نرم افزارها شناخت بیشتری را برای طراحان رایانه ای علی الخصوص طراحان خلاقی و فرهنگ پیشرو در زبان فارسی ایجاد کرد. در این صورت می توان امید داشت که تمام و دشواری موجود در ارائه راهکارها و شرایط سخت تایپ به پایان رسد وزمان مورد نیاز شامل حروفچینی دستاوردهای اصلی و جوابگوی سوالات پیوسته اهل دنیای موجود طراحی اساسا مورد استفاده قرار گیرد.', '', 5, '7', 6, 'مهم نیست', 4, 'مهم نیست', 4, 3, 1, 0x613a383a7b693a303b733a333a22706870223b693a313b733a383a2268746d6c26637373223b693a323b733a31303a226a617661736372697074223b693a333b733a333a226d7663223b693a343b733a323a226323223b693a353b733a353a227675656a73223b693a363b733a343a2276756578223b693a373b733a373a226c61726176656c223b7d, 'aven.png', 11, '2021-11-06 16:17:37', '2021-12-08 16:17:00'),
(7, 'مدیر اجرایی', 21, 5, 'ورم ایپسوم متن ساختگی با تولید سادگی نامفهوم از صنعت چاپ و با استفاده از طراحان گرافیک است. چاپگرها و متون بلکه روزنامه و مجله در ستون و سطرآنچنان که لازم است و برای شرایط فعلی تکنولوژی مورد نیاز و کاربردهای متنوع با هدف بهبود ابزارهای کاربردی می باشد. کتابهای زیادی در شصت و سه درصد گذشته، حال و آینده شناخت فراوان جامعه و متخصصان را می طلبد تا با نرم افزارها شناخت بیشتری را برای طراحان رایانه ای علی الخصوص طراحان خلاقی و فرهنگ پیشرو در زبان فارسی ایجاد کرد. در این صورت می توان امید داشت که تمام و دشواری موجود در ارائه راهکارها و شرایط سخت تایپ به پایان رسد وزمان مورد نیاز شامل حروفچینی دستاوردهای اصلی و جوابگوی سوالات پیوسته اهل دنیای موجود طراحی اساسا مورد استفاده قرار گیرد.', '', 4, '7', 3, 'مهم نیست', 3, 'خانم', 5, 2, 1, 0x613a383a7b693a303b733a333a22706870223b693a313b733a383a2268746d6c26637373223b693a323b733a31303a226a617661736372697074223b693a333b733a333a226d7663223b693a343b733a323a226323223b693a353b733a353a227675656a73223b693a363b733a343a2276756578223b693a373b733a373a226c61726176656c223b7d, 'lsl.jpg', 35, '2021-10-09 16:17:41', '2021-12-08 16:17:00'),
(8, 'برنامه نویس vuejs', 29, 2, 'ورم ایپسوم متن ساختگی با تولید سادگی نامفهوم از صنعت چاپ و با استفاده از طراحان گرافیک است. چاپگرها و متون بلکه روزنامه و مجله در ستون و سطرآنچنان که لازم است و برای شرایط فعلی تکنولوژی مورد نیاز و کاربردهای متنوع با هدف بهبود ابزارهای کاربردی می باشد. کتابهای زیادی در شصت و سه درصد گذشته، حال و آینده شناخت فراوان جامعه و متخصصان را می طلبد تا با نرم افزارها شناخت بیشتری را برای طراحان رایانه ای علی الخصوص طراحان خلاقی و فرهنگ پیشرو در زبان فارسی ایجاد کرد. در این صورت می توان امید داشت که تمام و دشواری موجود در ارائه راهکارها و شرایط سخت تایپ به پایان رسد وزمان مورد نیاز شامل حروفچینی دستاوردهای اصلی و جوابگوی سوالات پیوسته اهل دنیای موجود طراحی اساسا مورد استفاده قرار گیرد.', '', 4, '7', 3, 'پایان خدمت', 3, 'مهم نیست', 4, 2, 1, 0x613a383a7b693a303b733a333a22706870223b693a313b733a383a2268746d6c26637373223b693a323b733a31303a226a617661736372697074223b693a333b733a333a226d7663223b693a343b733a323a226323223b693a353b733a353a227675656a73223b693a363b733a343a2276756578223b693a373b733a373a226c61726176656c223b7d, 'lsl.jpg', 1, '2021-11-06 16:17:42', '2021-12-08 16:17:00'),
(9, 'web developer', 26, 2, 'ورم ایپسوم متن ساختگی با تولید سادگی نامفهوم از صنعت چاپ و با استفاده از طراحان گرافیک است. چاپگرها و متون بلکه روزنامه و مجله در ستون و سطرآنچنان که لازم است و برای شرایط فعلی تکنولوژی مورد نیاز و کاربردهای متنوع با هدف بهبود ابزارهای کاربردی می باشد. کتابهای زیادی در شصت و سه درصد گذشته، حال و آینده شناخت فراوان جامعه و متخصصان را می طلبد تا با نرم افزارها شناخت بیشتری را برای طراحان رایانه ای علی الخصوص طراحان خلاقی و فرهنگ پیشرو در زبان فارسی ایجاد کرد. در این صورت می توان امید داشت که تمام و دشواری موجود در ارائه راهکارها و شرایط سخت تایپ به پایان رسد وزمان مورد نیاز شامل حروفچینی دستاوردهای اصلی و جوابگوی سوالات پیوسته اهل دنیای موجود طراحی اساسا مورد استفاده قرار گیرد.', '', 4, '7', 8, 'پایان خدمت', 3, 'خانم', 4, 1, 3, 0x613a383a7b693a303b733a333a22706870223b693a313b733a383a2268746d6c26637373223b693a323b733a31303a226a617661736372697074223b693a333b733a333a226d7663223b693a343b733a323a226323223b693a353b733a353a227675656a73223b693a363b733a343a2276756578223b693a373b733a373a226c61726176656c223b7d, 'lsl.jpg', 1, '2021-11-10 16:17:44', '2021-12-08 16:17:00'),
(10, 'برنامه نویس ارشد nodejs', 1, 2, 'ورم ایپسوم متن ساختگی با تولید سادگی نامفهوم از صنعت چاپ و با استفاده از طراحان گرافیک است. چاپگرها و متون بلکه روزنامه و مجله در ستون و سطرآنچنان که لازم است و برای شرایط فعلی تکنولوژی مورد نیاز و کاربردهای متنوع با هدف بهبود ابزارهای کاربردی می باشد. کتابهای زیادی در شصت و سه درصد گذشته، حال و آینده شناخت فراوان جامعه و متخصصان را می طلبد تا با نرم افزارها شناخت بیشتری را برای طراحان رایانه ای علی الخصوص طراحان خلاقی و فرهنگ پیشرو در زبان فارسی ایجاد کرد. در این صورت می توان امید داشت که تمام و دشواری موجود در ارائه راهکارها و شرایط سخت تایپ به پایان رسد وزمان مورد نیاز شامل حروفچینی دستاوردهای اصلی و جوابگوی سوالات پیوسته اهل دنیای موجود طراحی اساسا مورد استفاده قرار گیرد.', '', 4, '7', 3, 'پایان خدمت', 3, 'آقا', 4, 1, 1, 0x613a383a7b693a303b733a333a22706870223b693a313b733a383a2268746d6c26637373223b693a323b733a31303a226a617661736372697074223b693a333b733a333a226d7663223b693a343b733a323a226323223b693a353b733a353a227675656a73223b693a363b733a343a2276756578223b693a373b733a373a226c61726176656c223b7d, 'lsl.jpg', 1, '2021-11-10 16:17:44', '2021-12-08 16:17:00'),
(11, 'کارشناس جذب ', 29, 2, 'ورم ایپسوم متن ساختگی با تولید سادگی نامفهوم از صنعت چاپ و با استفاده از طراحان گرافیک است. چاپگرها و متون بلکه روزنامه و مجله در ستون و سطرآنچنان که لازم است و برای شرایط فعلی تکنولوژی مورد نیاز و کاربردهای متنوع با هدف بهبود ابزارهای کاربردی می باشد. کتابهای زیادی در شصت و سه درصد گذشته، حال و آینده شناخت فراوان جامعه و متخصصان را می طلبد تا با نرم افزارها شناخت بیشتری را برای طراحان رایانه ای علی الخصوص طراحان خلاقی و فرهنگ پیشرو در زبان فارسی ایجاد کرد. در این صورت می توان امید داشت که تمام و دشواری موجود در ارائه راهکارها و شرایط سخت تایپ به پایان رسد وزمان مورد نیاز شامل حروفچینی دستاوردهای اصلی و جوابگوی سوالات پیوسته اهل دنیای موجود طراحی اساسا مورد استفاده قرار گیرد.', '', 10, '7', 3, 'پایان خدمت', 3, 'آقا', 4, 1, 4, 0x613a383a7b693a303b733a333a22706870223b693a313b733a383a2268746d6c26637373223b693a323b733a31303a226a617661736372697074223b693a333b733a333a226d7663223b693a343b733a323a226323223b693a353b733a353a227675656a73223b693a363b733a343a2276756578223b693a373b733a373a226c61726176656c223b7d, 'lsl.jpg', 1, '2021-11-10 16:17:46', '2021-12-08 16:17:00'),
(12, 'اسکرام مستر', 21, 2, 'ورم ایپسوم متن ساختگی با تولید سادگی نامفهوم از صنعت چاپ و با استفاده از طراحان گرافیک است. چاپگرها و متون بلکه روزنامه و مجله در ستون و سطرآنچنان که لازم است و برای شرایط فعلی تکنولوژی مورد نیاز و کاربردهای متنوع با هدف بهبود ابزارهای کاربردی می باشد. کتابهای زیادی در شصت و سه درصد گذشته، حال و آینده شناخت فراوان جامعه و متخصصان را می طلبد تا با نرم افزارها شناخت بیشتری را برای طراحان رایانه ای علی الخصوص طراحان خلاقی و فرهنگ پیشرو در زبان فارسی ایجاد کرد. در این صورت می توان امید داشت که تمام و دشواری موجود در ارائه راهکارها و شرایط سخت تایپ به پایان رسد وزمان مورد نیاز شامل حروفچینی دستاوردهای اصلی و جوابگوی سوالات پیوسته اهل دنیای موجود طراحی اساسا مورد استفاده قرار گیرد.', '', 4, '7', 3, 'مهم نیست', 3, 'آقا', 4, 2, 1, 0x613a383a7b693a303b733a333a22706870223b693a313b733a383a2268746d6c26637373223b693a323b733a31303a226a617661736372697074223b693a333b733a333a226d7663223b693a343b733a323a226323223b693a353b733a353a227675656a73223b693a363b733a343a2276756578223b693a373b733a373a226c61726176656c223b7d, 'lsl.jpg', 1, '2021-11-10 16:17:47', '2021-12-08 16:17:00'),
(13, 'hello', 1, 2, 'fvfgfgf', '', 4, '7', 3, 'پایان خدمت', 3, 'آقا', 4, 1, 1, 0x613a383a7b693a303b733a333a22706870223b693a313b733a383a2268746d6c26637373223b693a323b733a31303a226a617661736372697074223b693a333b733a333a226d7663223b693a343b733a323a226323223b693a353b733a353a227675656a73223b693a363b733a343a2276756578223b693a373b733a373a226c61726176656c223b7d, 'lsl.jpg', 1, '2021-11-10 16:17:48', '2021-12-08 16:17:00'),
(14, 'hello', 1, 2, 'fvfgfgf', '', 4, '7', 3, 'پایان خدمت', 3, 'آقا', 4, 1, 5, 0x613a383a7b693a303b733a333a22706870223b693a313b733a383a2268746d6c26637373223b693a323b733a31303a226a617661736372697074223b693a333b733a333a226d7663223b693a343b733a323a226323223b693a353b733a353a227675656a73223b693a363b733a343a2276756578223b693a373b733a373a226c61726176656c223b7d, 'lsl.jpg', 1, '2021-11-10 16:17:49', '2021-12-08 16:17:00'),
(15, 'hello', 1, 2, 'fvfgfgf', '', 4, '7', 3, 'پایان خدمت', 3, 'آقا', 4, 1, 1, 0x613a383a7b693a303b733a333a22706870223b693a313b733a383a2268746d6c26637373223b693a323b733a31303a226a617661736372697074223b693a333b733a333a226d7663223b693a343b733a323a226323223b693a353b733a353a227675656a73223b693a363b733a343a2276756578223b693a373b733a373a226c61726176656c223b7d, 'lsl.jpg', 1, '2021-11-10 16:17:50', '2021-12-08 16:17:00'),
(16, 'hello', 5, 2, 'fvfgfgf', '', 4, '7', 3, 'پایان خدمت', 3, 'آقا', 4, 1, 1, 0x613a383a7b693a303b733a333a22706870223b693a313b733a383a2268746d6c26637373223b693a323b733a31303a226a617661736372697074223b693a333b733a333a226d7663223b693a343b733a323a226323223b693a353b733a353a227675656a73223b693a363b733a343a2276756578223b693a373b733a373a226c61726176656c223b7d, 'lsl.jpg', 1, '2021-11-10 16:17:51', '2021-12-08 16:17:00'),
(17, 'hello', 1, 2, 'fvfgfgf', '', 4, '7', 3, 'پایان خدمت', 3, 'آقا', 4, 1, 2, 0x613a383a7b693a303b733a333a22706870223b693a313b733a383a2268746d6c26637373223b693a323b733a31303a226a617661736372697074223b693a333b733a333a226d7663223b693a343b733a323a226323223b693a353b733a353a227675656a73223b693a363b733a343a2276756578223b693a373b733a373a226c61726176656c223b7d, 'lsl.jpg', 1, '2021-11-10 16:17:52', '2021-12-08 16:17:00'),
(18, 'hello', 1, 2, 'fvfgfgf', '', 4, '7', 3, 'پایان خدمت', 3, 'آقا', 4, 1, 1, 0x613a383a7b693a303b733a333a22706870223b693a313b733a383a2268746d6c26637373223b693a323b733a31303a226a617661736372697074223b693a333b733a333a226d7663223b693a343b733a323a226323223b693a353b733a353a227675656a73223b693a363b733a343a2276756578223b693a373b733a373a226c61726176656c223b7d, 'lsl.jpg', 1, '2021-11-10 16:17:54', '2021-12-08 16:17:00'),
(19, 'hello', 1, 2, 'fvfgfgf', '', 4, '7', 3, 'پایان خدمت', 3, 'آقا', 4, 1, 1, 0x613a383a7b693a303b733a333a22706870223b693a313b733a383a2268746d6c26637373223b693a323b733a31303a226a617661736372697074223b693a333b733a333a226d7663223b693a343b733a323a226323223b693a353b733a353a227675656a73223b693a363b733a343a2276756578223b693a373b733a373a226c61726176656c223b7d, 'lsl.jpg', 1, '2021-11-10 16:17:55', '2021-12-08 16:17:00'),
(20, 'برنامه نویس فول استک وب', 1, 2, 'مهارت های فنی : \r\nداشتن تحصیلات مرتبط(مهندسی نرم افزار، مهندسی صنایع گرایش تحلیل سیستم ها)\r\nتسلط به نرم افزار های word و Excel\r\nآشنا با پایگاه داده MS SQL Server\r\nآشنایی با شیرپوینت مزیت محسوب می گردد\r\n\r\nمهارت های فردی : \r\nنظم در انجام امور\r\nروابط عمومی بالا\r\nانگیزه بالا برای یادگیری \r\nتوانایی جستجو به زبان انگلیسی\r\nدارای روحیه بالا و صبر و حوصله جهت پیگیری موارد اعلامی و پاسخگویی به کاربران\r\n\r\nشرایط و ساعات کاری:\r\n شنبه تا چهارشنبه ساعت 08:30 تا 17:30\r\n\r\nمزایا : \r\nامکان یادگیری در تیمی پویا\r\nحقوق منظم\r\nبیمه از روز اول شروع کار انجام خواهد شد.', 'پینتو ادز (pinto Ads) شالوده دانش و همسانی تیمی زبده در حوزه دیجیتال مارکتینگ و توسه وب و اپلیکیشن موبایل است، که تجربه چندین ساله در بستر کسب و کارهای آنلاین ایران را به همراه خود دارد. در پینتو خلاقیت بر محور کار تیمی همیشه جریان دارد. پینتوها از هر چالشی برای ساخت یک فرصت تلاش می‌کنند تا رویاهای خود و مشتریان را به واقعیت نزدیک و نزدیک‌تر کنند.', 2, '7', 3, 'پایان خدمت', 3, 'آقا', 1, 1, 1, NULL, 'lsl.jpg', 1, '2021-11-09 20:32:03', '2021-12-08 15:32:00'),
(21, 'کارشناس بازاریابی ', 27, 2, 'fvfgfgf', '', 1, '7', 6, 'مهم نیست', 2, 'خانم', 2, 1, 2, NULL, 'lsl.jpg', 11, '2021-11-09 20:30:00', '2021-12-08 15:32:00'),
(22, 'برنامه نویس اندروید', 28, 2, 'ورم ایپسوم متن ساختگی با تولید سادگی نامفهوم از صنعت چاپ و با استفاده از طراحان گرافیک است. چاپگرها و متون بلکه روزنامه و مجله در ستون و سطرآنچنان که لازم است و برای شرایط فعلی تکنولوژی مورد نیاز و کاربردهای متنوع با هدف بهبود ابزارهای کاربردی می باشد. کتابهای زیادی در شصت و سه درصد گذشته، حال و آینده شناخت فراوان جامعه و متخصصان را می طلبد تا با نرم افزارها شناخت بیشتری را برای طراحان رایانه ای علی الخصوص طراحان خلاقی و فرهنگ پیشرو در زبان فارسی ایجاد کرد. در این صورت می توان امید داشت که تمام و دشواری موجود در ارائه راهکارها و شرایط سخت تایپ به پایان رسد وزمان مورد نیاز شامل حروفچینی دستاوردهای اصلی و جوابگوی سوالات پیوسته اهل دنیای موجود طراحی اساسا مورد استفاده قرار گیرد.', '', 2, '7', 3, 'مهم نیست', 3, 'آقا', 4, 2, 3, NULL, 'lsl.jpg', 1, '2021-11-10 20:29:03', '2021-12-08 15:32:00'),
(23, 'کارشناس بازاریابی ', 18, 2, 'ورم ایپسوم متن ساختگی با تولید سادگی نامفهوم از صنعت چاپ و با استفاده از طراحان گرافیک است. چاپگرها و متون بلکه روزنامه و مجله در ستون و سطرآنچنان که لازم است و برای شرایط فعلی تکنولوژی مورد نیاز و کاربردهای متنوع با هدف بهبود ابزارهای کاربردی می باشد. کتابهای زیادی در شصت و سه درصد گذشته، حال و آینده شناخت فراوان جامعه و متخصصان را می طلبد تا با نرم افزارها شناخت بیشتری را برای طراحان رایانه ای علی الخصوص طراحان خلاقی و فرهنگ پیشرو در زبان فارسی ایجاد کرد. در این صورت می توان امید داشت که تمام و دشواری موجود در ارائه راهکارها و شرایط سخت تایپ به پایان رسد وزمان مورد نیاز شامل حروفچینی دستاوردهای اصلی و جوابگوی سوالات پیوسته اهل دنیای موجود طراحی اساسا مورد استفاده قرار گیرد.', '', 4, '7', 6, 'مهم نیست', 1, 'خانم', 3, 1, 2, NULL, 'lsl.jpg', 26, '2021-11-10 20:29:12', '2021-11-08 15:32:00'),
(24, 'کارشناس بازاریابی', 1, 2, 'ورم ایپسوم متن ساختگی با تولید سادگی نامفهوم از صنعت چاپ و با استفاده از طراحان گرافیک است. چاپگرها و متون بلکه روزنامه و مجله در ستون و سطرآنچنان که لازم است و برای شرایط فعلی تکنولوژی مورد نیاز و کاربردهای متنوع با هدف بهبود ابزارهای کاربردی می باشد. کتابهای زیادی در شصت و سه درصد گذشته، حال و آینده شناخت فراوان جامعه و متخصصان را می طلبد تا با نرم افزارها شناخت بیشتری را برای طراحان رایانه ای علی الخصوص طراحان خلاقی و فرهنگ پیشرو در زبان فارسی ایجاد کرد. در این صورت می توان امید داشت که تمام و دشواری موجود در ارائه راهکارها و شرایط سخت تایپ به پایان رسد وزمان مورد نیاز شامل حروفچینی دستاوردهای اصلی و جوابگوی سوالات پیوسته اهل دنیای موجود طراحی اساسا مورد استفاده قرار گیرد.', '', 5, '7', 6, 'مهم نیست', 4, 'مهم نیست', 4, 3, 1, NULL, 'aven.png', 11, '2021-11-10 16:17:37', '2021-11-08 16:17:00'),
(25, 'مدیر اجرایی', 21, 5, 'ورم ایپسوم متن ساختگی با تولید سادگی نامفهوم از صنعت چاپ و با استفاده از طراحان گرافیک است. چاپگرها و متون بلکه روزنامه و مجله در ستون و سطرآنچنان که لازم است و برای شرایط فعلی تکنولوژی مورد نیاز و کاربردهای متنوع با هدف بهبود ابزارهای کاربردی می باشد. کتابهای زیادی در شصت و سه درصد گذشته، حال و آینده شناخت فراوان جامعه و متخصصان را می طلبد تا با نرم افزارها شناخت بیشتری را برای طراحان رایانه ای علی الخصوص طراحان خلاقی و فرهنگ پیشرو در زبان فارسی ایجاد کرد. در این صورت می توان امید داشت که تمام و دشواری موجود در ارائه راهکارها و شرایط سخت تایپ به پایان رسد وزمان مورد نیاز شامل حروفچینی دستاوردهای اصلی و جوابگوی سوالات پیوسته اهل دنیای موجود طراحی اساسا مورد استفاده قرار گیرد.', '', 4, '7', 3, 'مهم نیست', 3, 'خانم', 5, 2, 1, NULL, 'lsl.jpg', 35, '2021-11-10 16:17:41', '2021-11-08 16:17:00'),
(26, 'برنامه نویس vuejs', 29, 2, 'ورم ایپسوم متن ساختگی با تولید سادگی نامفهوم از صنعت چاپ و با استفاده از طراحان گرافیک است. چاپگرها و متون بلکه روزنامه و مجله در ستون و سطرآنچنان که لازم است و برای شرایط فعلی تکنولوژی مورد نیاز و کاربردهای متنوع با هدف بهبود ابزارهای کاربردی می باشد. کتابهای زیادی در شصت و سه درصد گذشته، حال و آینده شناخت فراوان جامعه و متخصصان را می طلبد تا با نرم افزارها شناخت بیشتری را برای طراحان رایانه ای علی الخصوص طراحان خلاقی و فرهنگ پیشرو در زبان فارسی ایجاد کرد. در این صورت می توان امید داشت که تمام و دشواری موجود در ارائه راهکارها و شرایط سخت تایپ به پایان رسد وزمان مورد نیاز شامل حروفچینی دستاوردهای اصلی و جوابگوی سوالات پیوسته اهل دنیای موجود طراحی اساسا مورد استفاده قرار گیرد.', '', 4, '7', 3, 'پایان خدمت', 3, 'مهم نیست', 4, 2, 1, NULL, 'lsl.jpg', 1, '2021-11-10 16:17:42', '2021-11-08 16:17:00'),
(27, 'web developer', 26, 2, 'ورم ایپسوم متن ساختگی با تولید سادگی نامفهوم از صنعت چاپ و با استفاده از طراحان گرافیک است. چاپگرها و متون بلکه روزنامه و مجله در ستون و سطرآنچنان که لازم است و برای شرایط فعلی تکنولوژی مورد نیاز و کاربردهای متنوع با هدف بهبود ابزارهای کاربردی می باشد. کتابهای زیادی در شصت و سه درصد گذشته، حال و آینده شناخت فراوان جامعه و متخصصان را می طلبد تا با نرم افزارها شناخت بیشتری را برای طراحان رایانه ای علی الخصوص طراحان خلاقی و فرهنگ پیشرو در زبان فارسی ایجاد کرد. در این صورت می توان امید داشت که تمام و دشواری موجود در ارائه راهکارها و شرایط سخت تایپ به پایان رسد وزمان مورد نیاز شامل حروفچینی دستاوردهای اصلی و جوابگوی سوالات پیوسته اهل دنیای موجود طراحی اساسا مورد استفاده قرار گیرد.', '', 4, '7', 8, 'پایان خدمت', 3, 'خانم', 4, 1, 3, NULL, 'lsl.jpg', 1, '2021-10-09 16:17:44', '2021-11-08 16:17:00'),
(28, 'برنامه نویس ارشد nodejs', 1, 2, 'ورم ایپسوم متن ساختگی با تولید سادگی نامفهوم از صنعت چاپ و با استفاده از طراحان گرافیک است. چاپگرها و متون بلکه روزنامه و مجله در ستون و سطرآنچنان که لازم است و برای شرایط فعلی تکنولوژی مورد نیاز و کاربردهای متنوع با هدف بهبود ابزارهای کاربردی می باشد. کتابهای زیادی در شصت و سه درصد گذشته، حال و آینده شناخت فراوان جامعه و متخصصان را می طلبد تا با نرم افزارها شناخت بیشتری را برای طراحان رایانه ای علی الخصوص طراحان خلاقی و فرهنگ پیشرو در زبان فارسی ایجاد کرد. در این صورت می توان امید داشت که تمام و دشواری موجود در ارائه راهکارها و شرایط سخت تایپ به پایان رسد وزمان مورد نیاز شامل حروفچینی دستاوردهای اصلی و جوابگوی سوالات پیوسته اهل دنیای موجود طراحی اساسا مورد استفاده قرار گیرد.', '', 4, '7', 3, 'پایان خدمت', 3, 'آقا', 4, 1, 1, NULL, 'lsl.jpg', 1, '2021-10-15 16:17:45', '2021-11-08 16:17:00'),
(29, 'کارشناس جذب ', 29, 2, 'ورم ایپسوم متن ساختگی با تولید سادگی نامفهوم از صنعت چاپ و با استفاده از طراحان گرافیک است. چاپگرها و متون بلکه روزنامه و مجله در ستون و سطرآنچنان که لازم است و برای شرایط فعلی تکنولوژی مورد نیاز و کاربردهای متنوع با هدف بهبود ابزارهای کاربردی می باشد. کتابهای زیادی در شصت و سه درصد گذشته، حال و آینده شناخت فراوان جامعه و متخصصان را می طلبد تا با نرم افزارها شناخت بیشتری را برای طراحان رایانه ای علی الخصوص طراحان خلاقی و فرهنگ پیشرو در زبان فارسی ایجاد کرد. در این صورت می توان امید داشت که تمام و دشواری موجود در ارائه راهکارها و شرایط سخت تایپ به پایان رسد وزمان مورد نیاز شامل حروفچینی دستاوردهای اصلی و جوابگوی سوالات پیوسته اهل دنیای موجود طراحی اساسا مورد استفاده قرار گیرد.', '', 10, '7', 3, 'پایان خدمت', 3, 'آقا', 4, 1, 4, NULL, 'lsl.jpg', 1, '2021-10-09 16:17:46', '2021-11-08 16:17:00'),
(30, 'اسکرام مستر', 21, 2, 'ورم ایپسوم متن ساختگی با تولید سادگی نامفهوم از صنعت چاپ و با استفاده از طراحان گرافیک است. چاپگرها و متون بلکه روزنامه و مجله در ستون و سطرآنچنان که لازم است و برای شرایط فعلی تکنولوژی مورد نیاز و کاربردهای متنوع با هدف بهبود ابزارهای کاربردی می باشد. کتابهای زیادی در شصت و سه درصد گذشته، حال و آینده شناخت فراوان جامعه و متخصصان را می طلبد تا با نرم افزارها شناخت بیشتری را برای طراحان رایانه ای علی الخصوص طراحان خلاقی و فرهنگ پیشرو در زبان فارسی ایجاد کرد. در این صورت می توان امید داشت که تمام و دشواری موجود در ارائه راهکارها و شرایط سخت تایپ به پایان رسد وزمان مورد نیاز شامل حروفچینی دستاوردهای اصلی و جوابگوی سوالات پیوسته اهل دنیای موجود طراحی اساسا مورد استفاده قرار گیرد.', '', 4, '7', 3, 'مهم نیست', 3, 'آقا', 4, 2, 1, NULL, 'lsl.jpg', 1, '2021-10-09 16:17:47', '2021-11-08 16:17:00'),
(31, 'hello', 1, 2, 'fvfgfgf', '', 4, '7', 3, 'پایان خدمت', 3, 'آقا', 4, 1, 1, NULL, 'lsl.jpg', 1, '2021-10-09 16:17:48', '2021-11-08 16:17:00'),
(32, 'hello', 1, 2, 'fvfgfgf', '', 4, '7', 3, 'پایان خدمت', 3, 'آقا', 4, 1, 5, NULL, 'lsl.jpg', 1, '2021-10-09 16:17:49', '2021-11-08 16:17:00'),
(33, 'hello', 1, 2, 'fvfgfgf', '', 4, '7', 3, 'پایان خدمت', 3, 'آقا', 4, 1, 1, NULL, 'lsl.jpg', 1, '2021-10-09 16:17:50', '2021-11-08 16:17:00'),
(34, 'hello', 5, 2, 'fvfgfgf', '', 4, '7', 3, 'پایان خدمت', 3, 'آقا', 4, 1, 1, NULL, 'lsl.jpg', 1, '2021-10-09 16:17:51', '2021-11-08 16:17:00'),
(35, 'hello', 1, 2, 'fvfgfgf', '', 4, '7', 3, 'پایان خدمت', 3, 'آقا', 4, 1, 2, NULL, 'lsl.jpg', 1, '2021-10-09 16:17:52', '2021-11-08 16:17:00'),
(36, 'hello', 1, 2, 'fvfgfgf', '', 4, '7', 3, 'پایان خدمت', 3, 'آقا', 4, 1, 1, NULL, 'lsl.jpg', 1, '2021-10-09 16:17:54', '2021-11-08 16:17:00'),
(37, 'hello', 1, 2, 'fvfgfgf', '', 4, '7', 3, 'پایان خدمت', 3, 'آقا', 4, 1, 1, NULL, 'lsl.jpg', 1, '2021-10-09 16:17:55', '2021-11-08 16:17:00');

-- --------------------------------------------------------

--
-- Table structure for table `jss_job_categories`
--

DROP TABLE IF EXISTS `jss_job_categories`;
CREATE TABLE IF NOT EXISTS `jss_job_categories` (
  `id` int(11) NOT NULL AUTO_INCREMENT,
  `title` varchar(255) COLLATE utf8_persian_ci NOT NULL,
  PRIMARY KEY (`id`)
) ENGINE=InnoDB AUTO_INCREMENT=38 DEFAULT CHARSET=utf8 COLLATE=utf8_persian_ci;

--
-- Dumping data for table `jss_job_categories`
--

INSERT INTO `jss_job_categories` (`id`, `title`) VALUES
(1, 'توسعه نرم افزار و برنامه نویسی'),
(2, 'فروش و بازاریابی'),
(3, 'تولید و مدیریت محتوا'),
(4, 'مدیریت '),
(5, 'سئو'),
(6, 'تولید محتوا '),
(7, 'طراحی و گرافیک'),
(8, 'دیجیتال مارکتینگ'),
(9, 'آموزش '),
(10, 'مهندسی کامپیوتر'),
(11, 'مهندسی معماری'),
(12, 'مهندسی عمران'),
(13, 'مهندسی پزشکی'),
(14, 'مهندسی مکانیک '),
(15, 'مهندسی کشاورزی'),
(16, 'مهندسی برق'),
(17, 'مهندسی شیمی '),
(18, 'پرستاری'),
(19, 'پزشکی'),
(20, 'خبرنگاری '),
(21, 'هتلداری'),
(22, 'حقوقی '),
(23, 'آموزشی'),
(24, 'منابع انسانی'),
(25, 'حمل و نقل '),
(26, 'گردشگری'),
(27, 'روابط عمومی'),
(28, 'پژوهشی'),
(29, 'مالی و حسابداری'),
(30, 'انبار داری'),
(31, 'تجارت'),
(32, 'صنایع غذایی'),
(33, 'بیمه'),
(34, 'روانشناسی'),
(35, 'ورزشی'),
(36, 'نیروی خدماتی'),
(37, 'امور اداری');

-- --------------------------------------------------------

--
-- Table structure for table `jss_military_service_status`
--

DROP TABLE IF EXISTS `jss_military_service_status`;
CREATE TABLE IF NOT EXISTS `jss_military_service_status` (
  `id` int(255) NOT NULL AUTO_INCREMENT,
  `title` varchar(50) COLLATE utf8_persian_ci NOT NULL,
  PRIMARY KEY (`id`)
) ENGINE=InnoDB AUTO_INCREMENT=6 DEFAULT CHARSET=utf8 COLLATE=utf8_persian_ci;

--
-- Dumping data for table `jss_military_service_status`
--

INSERT INTO `jss_military_service_status` (`id`, `title`) VALUES
(1, 'پایان خدمت'),
(2, 'در حال انجام'),
(3, 'مشمول'),
(4, 'معافیت تحصیلی'),
(5, 'معافیت دائم');

-- --------------------------------------------------------

--
-- Table structure for table `jss_provinces`
--

DROP TABLE IF EXISTS `jss_provinces`;
CREATE TABLE IF NOT EXISTS `jss_provinces` (
  `id` int(10) UNSIGNED NOT NULL AUTO_INCREMENT,
  `name` varchar(191) COLLATE utf8_persian_ci NOT NULL,
  `slug` varchar(191) CHARACTER SET utf8mb4 COLLATE utf8mb4_persian_ci NOT NULL,
  PRIMARY KEY (`id`) USING BTREE,
  UNIQUE KEY `provinces_name_unique` (`name`) USING BTREE,
  UNIQUE KEY `provinces_slug_unique` (`slug`) USING BTREE
) ENGINE=InnoDB AUTO_INCREMENT=32 DEFAULT CHARSET=utf8 COLLATE=utf8_persian_ci ROW_FORMAT=DYNAMIC;

--
-- Dumping data for table `jss_provinces`
--

INSERT INTO `jss_provinces` (`id`, `name`, `slug`) VALUES
(1, 'آذربایجان شرقی', 'آذربایجان-شرقی'),
(2, 'آذربایجان غربی', 'آذربایجان-غربی'),
(3, 'اردبیل', 'اردبیل'),
(4, 'اصفهان', 'اصفهان'),
(5, 'البرز', 'البرز'),
(6, 'ایلام', 'ایلام'),
(7, 'بوشهر', 'بوشهر'),
(8, 'تهران', 'تهران'),
(9, 'چهارمحال و بختیاری', 'چهارمحال-و-بختیاری'),
(10, 'خراسان جنوبی', 'خراسان-جنوبی'),
(11, 'خراسان رضوی', 'خراسان-رضوی'),
(12, 'خراسان شمالی', 'خراسان-شمالی'),
(13, 'خوزستان', 'خوزستان'),
(14, 'زنجان', 'زنجان'),
(15, 'سمنان', 'سمنان'),
(16, 'سیستان و بلوچستان', 'سیستان-و-بلوچستان'),
(17, 'فارس', 'فارس'),
(18, 'قزوین', 'قزوین'),
(19, 'قم', 'قم'),
(20, 'کردستان', 'کردستان'),
(21, 'کرمان', 'کرمان'),
(22, 'کرمانشاه', 'کرمانشاه'),
(23, 'کهگیلویه و بویراحمد', 'کهگیلویه-و-بویراحمد'),
(24, 'گلستان', 'گلستان'),
(25, 'لرستان', 'لرستان'),
(26, 'گیلان', 'گیلان'),
(27, 'مازندران', 'مازندران'),
(28, 'مرکزی', 'مرکزی'),
(29, 'هرمزگان', 'هرمزگان'),
(30, 'همدان', 'همدان'),
(31, 'یزد', 'یزد');

-- --------------------------------------------------------

--
-- Table structure for table `jss_resume`
--

DROP TABLE IF EXISTS `jss_resume`;
CREATE TABLE IF NOT EXISTS `jss_resume` (
  `id` int(255) NOT NULL AUTO_INCREMENT,
  `fk_employee_id` int(255) NOT NULL,
  `name` varchar(50) COLLATE utf8_persian_ci DEFAULT NULL,
  `family` varchar(50) COLLATE utf8_persian_ci DEFAULT NULL,
  `email_address` varchar(100) COLLATE utf8_persian_ci DEFAULT NULL,
  `job_title` varchar(255) COLLATE utf8_persian_ci DEFAULT NULL,
  `gender` enum('آقا','خانم') COLLATE utf8_persian_ci DEFAULT NULL,
  `mobile` varchar(12) COLLATE utf8_persian_ci DEFAULT NULL,
  `birthdate` varchar(20) COLLATE utf8_persian_ci DEFAULT NULL,
  `fk_province_id` int(10) UNSIGNED DEFAULT NULL,
  `address` text COLLATE utf8_persian_ci,
  `marital_status` enum('مجرد','متاهل') COLLATE utf8_persian_ci DEFAULT NULL,
  `fk_military_service_status_id` int(255) DEFAULT NULL,
  `about_me` text COLLATE utf8_persian_ci,
  `fk_salary_id` int(255) DEFAULT NULL,
  `skills` blob,
  `avatar` varchar(100) COLLATE utf8_persian_ci DEFAULT NULL,
  `resume_attach_file` varchar(255) COLLATE utf8_persian_ci DEFAULT NULL,
  `updated_at` timestamp NOT NULL DEFAULT CURRENT_TIMESTAMP,
  PRIMARY KEY (`id`),
  KEY `jss_resume_ibfk_1` (`fk_employee_id`),
  KEY `jss_resume_ibfk_2` (`fk_military_service_status_id`),
  KEY `fk_province_id` (`fk_province_id`),
  KEY `fk_salary_id` (`fk_salary_id`)
) ENGINE=InnoDB AUTO_INCREMENT=17 DEFAULT CHARSET=utf8 COLLATE=utf8_persian_ci;

--
-- Dumping data for table `jss_resume`
--

INSERT INTO `jss_resume` (`id`, `fk_employee_id`, `name`, `family`, `email_address`, `job_title`, `gender`, `mobile`, `birthdate`, `fk_province_id`, `address`, `marital_status`, `fk_military_service_status_id`, `about_me`, `fk_salary_id`, `skills`, `avatar`, `resume_attach_file`, `updated_at`) VALUES
(14, 1, 'علی', 'ماستری فراهانی', 'alifarahani533@gmail.com', 'برنامه نویس وب', 'آقا', '09186292836', '1373-11-02', 5, 'تهران', 'مجرد', 1, 'ppppk', 34, 0x613a353a7b693a303b613a323a7b733a31303a22736b696c6c5469746c65223b733a333a22706870223b733a31303a22736b696c6c4c6576656c223b733a31303a22d985d8aad988d8b3d8b7223b7d693a313b613a323a7b733a31303a22736b696c6c5469746c65223b733a31303a226a617661736372697074223b733a31303a22736b696c6c4c6576656c223b733a31303a22d985d8aad988d8b3d8b7223b7d693a323b613a323a7b733a31303a22736b696c6c5469746c65223b733a353a226d7973716c223b733a31303a22736b696c6c4c6576656c223b733a31303a22d985d8aad988d8b3d8b7223b7d693a333b613a323a7b733a31303a22736b696c6c5469746c65223b733a31323a22d984d8a7d8b1d8a7d988d984223b733a31303a22736b696c6c4c6576656c223b733a31343a22d985d982d8afd985d8a7d8aadb8c223b7d693a343b613a323a7b733a31303a22736b696c6c5469746c65223b733a353a227675656a73223b733a31303a22736b696c6c4c6576656c223b733a31303a22d985d8aad988d8b3d8b7223b7d7d, 'me.jpg', 'Ali Masteri Farahani_JobVision_Persian_Resume.pdf', '2021-11-05 13:03:36'),
(15, 4, NULL, NULL, NULL, NULL, NULL, NULL, NULL, NULL, NULL, NULL, NULL, NULL, NULL, NULL, NULL, NULL, '2021-11-10 09:59:55'),
(16, 5, NULL, NULL, NULL, NULL, NULL, NULL, NULL, NULL, NULL, NULL, NULL, NULL, NULL, NULL, NULL, NULL, '2021-11-10 22:04:22');

-- --------------------------------------------------------

--
-- Table structure for table `jss_resume_educational_background`
--

DROP TABLE IF EXISTS `jss_resume_educational_background`;
CREATE TABLE IF NOT EXISTS `jss_resume_educational_background` (
  `id` int(255) NOT NULL AUTO_INCREMENT,
  `fk_employee_id` int(255) NOT NULL,
  `fk_grade_id` int(255) DEFAULT NULL,
  `major_title` varchar(100) COLLATE utf8_persian_ci DEFAULT NULL,
  `uni` varchar(100) COLLATE utf8_persian_ci DEFAULT NULL,
  `average` varchar(10) COLLATE utf8_persian_ci DEFAULT NULL,
  `start_year` varchar(20) COLLATE utf8_persian_ci DEFAULT NULL,
  `end_year` varchar(20) COLLATE utf8_persian_ci DEFAULT NULL,
  PRIMARY KEY (`id`),
  KEY `fk_grade_id` (`fk_grade_id`),
  KEY `fk_employee_id` (`fk_employee_id`)
) ENGINE=InnoDB AUTO_INCREMENT=35 DEFAULT CHARSET=utf8 COLLATE=utf8_persian_ci;

--
-- Dumping data for table `jss_resume_educational_background`
--

INSERT INTO `jss_resume_educational_background` (`id`, `fk_employee_id`, `fk_grade_id`, `major_title`, `uni`, `average`, `start_year`, `end_year`) VALUES
(34, 1, 3, 'مهندسی نرم افزار', 'دانشگاه امیرکبیر اراک', '14', '1392', '1397');

-- --------------------------------------------------------

--
-- Table structure for table `jss_resume_job_experience`
--

DROP TABLE IF EXISTS `jss_resume_job_experience`;
CREATE TABLE IF NOT EXISTS `jss_resume_job_experience` (
  `id` int(255) NOT NULL AUTO_INCREMENT,
  `fk_employee_id` int(255) NOT NULL,
  `job_title` varchar(100) COLLATE utf8_persian_ci NOT NULL,
  `org_name` varchar(100) COLLATE utf8_persian_ci NOT NULL,
  `start_year` varchar(50) COLLATE utf8_persian_ci NOT NULL,
  `end_year` varchar(50) COLLATE utf8_persian_ci NOT NULL,
  PRIMARY KEY (`id`),
  KEY `fk_employee_id` (`fk_employee_id`)
) ENGINE=InnoDB AUTO_INCREMENT=8 DEFAULT CHARSET=utf8 COLLATE=utf8_persian_ci;

--
-- Dumping data for table `jss_resume_job_experience`
--

INSERT INTO `jss_resume_job_experience` (`id`, `fk_employee_id`, `job_title`, `org_name`, `start_year`, `end_year`) VALUES
(7, 1, 'web developer', 'freelancer', '1396', '1398');

-- --------------------------------------------------------

--
-- Table structure for table `jss_resume_language_skills`
--

DROP TABLE IF EXISTS `jss_resume_language_skills`;
CREATE TABLE IF NOT EXISTS `jss_resume_language_skills` (
  `id` int(255) NOT NULL AUTO_INCREMENT,
  `fk_employee_id` int(255) NOT NULL,
  `title` varchar(50) COLLATE utf8_persian_ci NOT NULL,
  `level` varchar(50) COLLATE utf8_persian_ci NOT NULL,
  PRIMARY KEY (`id`),
  KEY `fk_employee_id` (`fk_employee_id`)
) ENGINE=InnoDB AUTO_INCREMENT=8 DEFAULT CHARSET=utf8 COLLATE=utf8_persian_ci;

--
-- Dumping data for table `jss_resume_language_skills`
--

INSERT INTO `jss_resume_language_skills` (`id`, `fk_employee_id`, `title`, `level`) VALUES
(6, 1, 'انگلیسی', 'متوسط');

-- --------------------------------------------------------

--
-- Table structure for table `jss_salary`
--

DROP TABLE IF EXISTS `jss_salary`;
CREATE TABLE IF NOT EXISTS `jss_salary` (
  `id` int(11) NOT NULL AUTO_INCREMENT,
  `fee` varchar(50) COLLATE utf8_persian_ci NOT NULL,
  PRIMARY KEY (`id`)
) ENGINE=InnoDB AUTO_INCREMENT=37 DEFAULT CHARSET=utf8 COLLATE=utf8_persian_ci;

--
-- Dumping data for table `jss_salary`
--

INSERT INTO `jss_salary` (`id`, `fee`) VALUES
(1, 'توافقی'),
(2, 'حقوق پایه (وزارت کار)'),
(3, '1000000'),
(4, '1500000'),
(5, '2000000'),
(6, '2500000'),
(7, '3000000'),
(8, '3500000'),
(9, '4000000'),
(10, '4500000'),
(11, '5000000'),
(12, '5500000'),
(13, '6000000'),
(14, '6500000'),
(15, '7000000'),
(16, '7500000'),
(17, '8000000'),
(18, '9000000'),
(19, '10000000'),
(20, '11000000'),
(21, '12000000'),
(22, '13000000'),
(23, '14000000'),
(24, '15000000'),
(25, '16000000'),
(26, '18000000'),
(27, '20000000'),
(28, '22000000'),
(29, '24000000'),
(30, '26000000'),
(31, '28000000'),
(32, '30000000'),
(33, '35000000'),
(34, '40000000'),
(35, '45000000'),
(36, '50000000');

-- --------------------------------------------------------

--
-- Table structure for table `jss_saved_jobs`
--

DROP TABLE IF EXISTS `jss_saved_jobs`;
CREATE TABLE IF NOT EXISTS `jss_saved_jobs` (
  `id` int(11) NOT NULL AUTO_INCREMENT,
  `fk_job_id` int(11) NOT NULL,
  `fk_employee_id` int(11) NOT NULL,
  PRIMARY KEY (`id`),
  KEY `jss_saved_jobs_ibfk_1` (`fk_employee_id`),
  KEY `jss_saved_jobs_ibfk_2` (`fk_job_id`)
) ENGINE=InnoDB AUTO_INCREMENT=599 DEFAULT CHARSET=utf8 COLLATE=utf8_persian_ci;

--
-- Dumping data for table `jss_saved_jobs`
--

INSERT INTO `jss_saved_jobs` (`id`, `fk_job_id`, `fk_employee_id`) VALUES
(455, 2, 2),
(456, 3, 2),
(457, 10, 2),
(542, 21, 1),
(562, 17, 1),
(563, 34, 1),
(566, 24, 1),
(590, 13, 1),
(592, 2, 1),
(593, 5, 1),
(594, 29, 1),
(595, 10, 1),
(596, 28, 4),
(597, 2, 4),
(598, 23, 1);

-- --------------------------------------------------------

--
-- Table structure for table `jss_work_experience`
--

DROP TABLE IF EXISTS `jss_work_experience`;
CREATE TABLE IF NOT EXISTS `jss_work_experience` (
  `id` int(255) NOT NULL AUTO_INCREMENT,
  `title` varchar(50) COLLATE utf8_persian_ci NOT NULL,
  PRIMARY KEY (`id`)
) ENGINE=InnoDB AUTO_INCREMENT=9 DEFAULT CHARSET=utf8 COLLATE=utf8_persian_ci;

--
-- Dumping data for table `jss_work_experience`
--

INSERT INTO `jss_work_experience` (`id`, `title`) VALUES
(1, 'مهم نیست'),
(2, 'یک سال'),
(3, 'دو سال'),
(4, 'سه سال'),
(5, 'چهار سال'),
(6, 'پنج سال'),
(7, 'شش سال'),
(8, 'بیش از شش سال');

--
-- Constraints for dumped tables
--

--
-- Constraints for table `jss_applied`
--
ALTER TABLE `jss_applied`
  ADD CONSTRAINT `jss_applied_ibfk_1` FOREIGN KEY (`fk_employee_id`) REFERENCES `jss_employees` (`id`) ON DELETE NO ACTION ON UPDATE NO ACTION,
  ADD CONSTRAINT `jss_applied_ibfk_2` FOREIGN KEY (`fk_job_id`) REFERENCES `jss_jobs` (`id`) ON DELETE NO ACTION ON UPDATE NO ACTION;

--
-- Constraints for table `jss_cities`
--
ALTER TABLE `jss_cities`
  ADD CONSTRAINT `jss_cities_ibfk_1` FOREIGN KEY (`fk_province_id`) REFERENCES `jss_provinces` (`id`);

--
-- Constraints for table `jss_jobs`
--
ALTER TABLE `jss_jobs`
  ADD CONSTRAINT `jss_jobs_ibfk_1` FOREIGN KEY (`fk_category_id`) REFERENCES `jss_job_categories` (`id`) ON DELETE NO ACTION ON UPDATE NO ACTION,
  ADD CONSTRAINT `jss_jobs_ibfk_2` FOREIGN KEY (`fk_company_id`) REFERENCES `jss_companies` (`id`) ON DELETE NO ACTION ON UPDATE NO ACTION,
  ADD CONSTRAINT `jss_jobs_ibfk_3` FOREIGN KEY (`fk_province_id`) REFERENCES `jss_provinces` (`id`) ON DELETE NO ACTION ON UPDATE NO ACTION,
  ADD CONSTRAINT `jss_jobs_ibfk_4` FOREIGN KEY (`fk_city_id`) REFERENCES `jss_cities` (`id`),
  ADD CONSTRAINT `jss_jobs_ibfk_5` FOREIGN KEY (`fk_contract_id`) REFERENCES `jss_contract` (`id`),
  ADD CONSTRAINT `jss_jobs_ibfk_6` FOREIGN KEY (`fk_salary_id`) REFERENCES `jss_salary` (`id`),
  ADD CONSTRAINT `jss_jobs_ibfk_7` FOREIGN KEY (`fk_work_experience_id`) REFERENCES `jss_work_experience` (`id`),
  ADD CONSTRAINT `jss_jobs_ibfk_8` FOREIGN KEY (`fk_age_range_id`) REFERENCES `jss_age_range` (`id`),
  ADD CONSTRAINT `jss_jobs_ibfk_9` FOREIGN KEY (`fk_degree_of_education_id`) REFERENCES `jss_degree_of_education` (`id`);

--
-- Constraints for table `jss_resume`
--
ALTER TABLE `jss_resume`
  ADD CONSTRAINT `jss_resume_ibfk_1` FOREIGN KEY (`fk_employee_id`) REFERENCES `jss_employees` (`id`) ON DELETE NO ACTION ON UPDATE NO ACTION,
  ADD CONSTRAINT `jss_resume_ibfk_2` FOREIGN KEY (`fk_military_service_status_id`) REFERENCES `jss_military_service_status` (`id`) ON DELETE NO ACTION ON UPDATE NO ACTION,
  ADD CONSTRAINT `jss_resume_ibfk_3` FOREIGN KEY (`fk_province_id`) REFERENCES `jss_provinces` (`id`) ON DELETE NO ACTION ON UPDATE NO ACTION,
  ADD CONSTRAINT `jss_resume_ibfk_4` FOREIGN KEY (`fk_salary_id`) REFERENCES `jss_salary` (`id`) ON DELETE NO ACTION ON UPDATE NO ACTION;

--
-- Constraints for table `jss_resume_educational_background`
--
ALTER TABLE `jss_resume_educational_background`
  ADD CONSTRAINT `jss_resume_educational_background_ibfk_1` FOREIGN KEY (`fk_grade_id`) REFERENCES `jss_grade` (`id`) ON DELETE NO ACTION ON UPDATE NO ACTION,
  ADD CONSTRAINT `jss_resume_educational_background_ibfk_2` FOREIGN KEY (`fk_employee_id`) REFERENCES `jss_employees` (`id`) ON DELETE NO ACTION ON UPDATE NO ACTION;

--
-- Constraints for table `jss_resume_job_experience`
--
ALTER TABLE `jss_resume_job_experience`
  ADD CONSTRAINT `jss_resume_job_experience_ibfk_1` FOREIGN KEY (`fk_employee_id`) REFERENCES `jss_employees` (`id`);

--
-- Constraints for table `jss_resume_language_skills`
--
ALTER TABLE `jss_resume_language_skills`
  ADD CONSTRAINT `jss_resume_language_skills_ibfk_1` FOREIGN KEY (`fk_employee_id`) REFERENCES `jss_employees` (`id`) ON DELETE NO ACTION ON UPDATE NO ACTION;

--
-- Constraints for table `jss_saved_jobs`
--
ALTER TABLE `jss_saved_jobs`
  ADD CONSTRAINT `jss_saved_jobs_ibfk_1` FOREIGN KEY (`fk_employee_id`) REFERENCES `jss_employees` (`id`) ON DELETE NO ACTION ON UPDATE NO ACTION,
  ADD CONSTRAINT `jss_saved_jobs_ibfk_2` FOREIGN KEY (`fk_job_id`) REFERENCES `jss_jobs` (`id`) ON DELETE NO ACTION ON UPDATE NO ACTION;
COMMIT;

/*!40101 SET CHARACTER_SET_CLIENT=@OLD_CHARACTER_SET_CLIENT */;
/*!40101 SET CHARACTER_SET_RESULTS=@OLD_CHARACTER_SET_RESULTS */;
/*!40101 SET COLLATION_CONNECTION=@OLD_COLLATION_CONNECTION */;
